arch,engine,engine_flags,wasm,process,iteration,phase,event,count
aarch64,engines/wasmtime/libengine.so,,benchmarks/blind-sig/benchmark.wasm,20474,0,Compilation,cycles,8554726
aarch64,engines/wasmtime/libengine.so,,benchmarks/blind-sig/benchmark.wasm,20474,0,Instantiation,cycles,5882
aarch64,engines/wasmtime/libengine.so,,benchmarks/blind-sig/benchmark.wasm,20474,0,Execution,cycles,7541206
aarch64,engines/wasmtime/libengine.so,,benchmarks/blind-sig/benchmark.wasm,20474,1,Compilation,cycles,8148201
aarch64,engines/wasmtime/libengine.so,,benchmarks/blind-sig/benchmark.wasm,20474,1,Instantiation,cycles,6799
aarch64,engines/wasmtime/libengine.so,,benchmarks/blind-sig/benchmark.wasm,20474,1,Execution,cycles,7537222
aarch64,engines/wasmtime/libengine.so,,benchmarks/blind-sig/benchmark.wasm,20474,2,Compilation,cycles,8332699
aarch64,engines/wasmtime/libengine.so,,benchmarks/blind-sig/benchmark.wasm,20474,2,Instantiation,cycles,5496
aarch64,engines/wasmtime/libengine.so,,benchmarks/blind-sig/benchmark.wasm,20474,2,Execution,cycles,7532758
aarch64,engines/wasmtime/libengine.so,,benchmarks/blind-sig/benchmark.wasm,20474,3,Compilation,cycles,8329081
aarch64,engines/wasmtime/libengine.so,,benchmarks/blind-sig/benchmark.wasm,20474,3,Instantiation,cycles,5326
aarch64,engines/wasmtime/libengine.so,,benchmarks/blind-sig/benchmark.wasm,20474,3,Execution,cycles,7534949
aarch64,engines/wasmtime/libengine.so,,benchmarks/blind-sig/benchmark.wasm,20474,4,Compilation,cycles,8278668
aarch64,engines/wasmtime/libengine.so,,benchmarks/blind-sig/benchmark.wasm,20474,4,Instantiation,cycles,6049
aarch64,engines/wasmtime/libengine.so,,benchmarks/blind-sig/benchmark.wasm,20474,4,Execution,cycles,7546025
aarch64,engines/wasmtime/libengine.so,,benchmarks/blind-sig/benchmark.wasm,20474,5,Compilation,cycles,7967584
aarch64,engines/wasmtime/libengine.so,,benchmarks/blind-sig/benchmark.wasm,20474,5,Instantiation,cycles,5536
aarch64,engines/wasmtime/libengine.so,,benchmarks/blind-sig/benchmark.wasm,20474,5,Execution,cycles,7554462
aarch64,engines/wasmtime/libengine.so,,benchmarks/blind-sig/benchmark.wasm,20474,6,Compilation,cycles,8436954
aarch64,engines/wasmtime/libengine.so,,benchmarks/blind-sig/benchmark.wasm,20474,6,Instantiation,cycles,5328
aarch64,engines/wasmtime/libengine.so,,benchmarks/blind-sig/benchmark.wasm,20474,6,Execution,cycles,7536792
aarch64,engines/wasmtime/libengine.so,,benchmarks/blind-sig/benchmark.wasm,20474,7,Compilation,cycles,7841822
aarch64,engines/wasmtime/libengine.so,,benchmarks/blind-sig/benchmark.wasm,20474,7,Instantiation,cycles,5823
aarch64,engines/wasmtime/libengine.so,,benchmarks/blind-sig/benchmark.wasm,20474,7,Execution,cycles,7536311
aarch64,engines/wasmtime/libengine.so,,benchmarks/blind-sig/benchmark.wasm,20474,8,Compilation,cycles,8293861
aarch64,engines/wasmtime/libengine.so,,benchmarks/blind-sig/benchmark.wasm,20474,8,Instantiation,cycles,5573
aarch64,engines/wasmtime/libengine.so,,benchmarks/blind-sig/benchmark.wasm,20474,8,Execution,cycles,7539926
aarch64,engines/wasmtime/libengine.so,,benchmarks/blind-sig/benchmark.wasm,20474,9,Compilation,cycles,8325898
aarch64,engines/wasmtime/libengine.so,,benchmarks/blind-sig/benchmark.wasm,20474,9,Instantiation,cycles,6793
aarch64,engines/wasmtime/libengine.so,,benchmarks/blind-sig/benchmark.wasm,20474,9,Execution,cycles,7536581
aarch64,engines/wasmtime/libengine.so,,benchmarks/bz2/benchmark.wasm,20485,0,Compilation,cycles,3857123
aarch64,engines/wasmtime/libengine.so,,benchmarks/bz2/benchmark.wasm,20485,0,Instantiation,cycles,5948
aarch64,engines/wasmtime/libengine.so,,benchmarks/bz2/benchmark.wasm,20485,0,Execution,cycles,2180529
aarch64,engines/wasmtime/libengine.so,,benchmarks/bz2/benchmark.wasm,20485,1,Compilation,cycles,3160430
aarch64,engines/wasmtime/libengine.so,,benchmarks/bz2/benchmark.wasm,20485,1,Instantiation,cycles,5429
aarch64,engines/wasmtime/libengine.so,,benchmarks/bz2/benchmark.wasm,20485,1,Execution,cycles,2191073
aarch64,engines/wasmtime/libengine.so,,benchmarks/bz2/benchmark.wasm,20485,2,Compilation,cycles,3210936
aarch64,engines/wasmtime/libengine.so,,benchmarks/bz2/benchmark.wasm,20485,2,Instantiation,cycles,5215
aarch64,engines/wasmtime/libengine.so,,benchmarks/bz2/benchmark.wasm,20485,2,Execution,cycles,2191861
aarch64,engines/wasmtime/libengine.so,,benchmarks/bz2/benchmark.wasm,20485,3,Compilation,cycles,3169556
aarch64,engines/wasmtime/libengine.so,,benchmarks/bz2/benchmark.wasm,20485,3,Instantiation,cycles,5780
aarch64,engines/wasmtime/libengine.so,,benchmarks/bz2/benchmark.wasm,20485,3,Execution,cycles,2184023
aarch64,engines/wasmtime/libengine.so,,benchmarks/bz2/benchmark.wasm,20485,4,Compilation,cycles,3156785
aarch64,engines/wasmtime/libengine.so,,benchmarks/bz2/benchmark.wasm,20485,4,Instantiation,cycles,5967
aarch64,engines/wasmtime/libengine.so,,benchmarks/bz2/benchmark.wasm,20485,4,Execution,cycles,2180804
aarch64,engines/wasmtime/libengine.so,,benchmarks/bz2/benchmark.wasm,20485,5,Compilation,cycles,3122350
aarch64,engines/wasmtime/libengine.so,,benchmarks/bz2/benchmark.wasm,20485,5,Instantiation,cycles,5359
aarch64,engines/wasmtime/libengine.so,,benchmarks/bz2/benchmark.wasm,20485,5,Execution,cycles,2175190
aarch64,engines/wasmtime/libengine.so,,benchmarks/bz2/benchmark.wasm,20485,6,Compilation,cycles,3166804
aarch64,engines/wasmtime/libengine.so,,benchmarks/bz2/benchmark.wasm,20485,6,Instantiation,cycles,4964
aarch64,engines/wasmtime/libengine.so,,benchmarks/bz2/benchmark.wasm,20485,6,Execution,cycles,2181658
aarch64,engines/wasmtime/libengine.so,,benchmarks/bz2/benchmark.wasm,20485,7,Compilation,cycles,3147999
aarch64,engines/wasmtime/libengine.so,,benchmarks/bz2/benchmark.wasm,20485,7,Instantiation,cycles,5104
aarch64,engines/wasmtime/libengine.so,,benchmarks/bz2/benchmark.wasm,20485,7,Execution,cycles,2178532
aarch64,engines/wasmtime/libengine.so,,benchmarks/bz2/benchmark.wasm,20485,8,Compilation,cycles,3241180
aarch64,engines/wasmtime/libengine.so,,benchmarks/bz2/benchmark.wasm,20485,8,Instantiation,cycles,5480
aarch64,engines/wasmtime/libengine.so,,benchmarks/bz2/benchmark.wasm,20485,8,Execution,cycles,2182119
aarch64,engines/wasmtime/libengine.so,,benchmarks/bz2/benchmark.wasm,20485,9,Compilation,cycles,3191352
aarch64,engines/wasmtime/libengine.so,,benchmarks/bz2/benchmark.wasm,20485,9,Instantiation,cycles,5200
aarch64,engines/wasmtime/libengine.so,,benchmarks/bz2/benchmark.wasm,20485,9,Execution,cycles,2181855
aarch64,engines/wasmtime/libengine.so,,benchmarks/quicksort/benchmark.wasm,20495,0,Compilation,cycles,1807316
aarch64,engines/wasmtime/libengine.so,,benchmarks/quicksort/benchmark.wasm,20495,0,Instantiation,cycles,5021
aarch64,engines/wasmtime/libengine.so,,benchmarks/quicksort/benchmark.wasm,20495,0,Execution,cycles,1859769
aarch64,engines/wasmtime/libengine.so,,benchmarks/quicksort/benchmark.wasm,20495,1,Compilation,cycles,972723
aarch64,engines/wasmtime/libengine.so,,benchmarks/quicksort/benchmark.wasm,20495,1,Instantiation,cycles,4786
aarch64,engines/wasmtime/libengine.so,,benchmarks/quicksort/benchmark.wasm,20495,1,Execution,cycles,1870907
aarch64,engines/wasmtime/libengine.so,,benchmarks/quicksort/benchmark.wasm,20495,2,Compilation,cycles,1020460
aarch64,engines/wasmtime/libengine.so,,benchmarks/quicksort/benchmark.wasm,20495,2,Instantiation,cycles,5237
aarch64,engines/wasmtime/libengine.so,,benchmarks/quicksort/benchmark.wasm,20495,2,Execution,cycles,1876234
aarch64,engines/wasmtime/libengine.so,,benchmarks/quicksort/benchmark.wasm,20495,3,Compilation,cycles,1031971
aarch64,engines/wasmtime/libengine.so,,benchmarks/quicksort/benchmark.wasm,20495,3,Instantiation,cycles,4991
aarch64,engines/wasmtime/libengine.so,,benchmarks/quicksort/benchmark.wasm,20495,3,Execution,cycles,1857012
aarch64,engines/wasmtime/libengine.so,,benchmarks/quicksort/benchmark.wasm,20495,4,Compilation,cycles,1009754
aarch64,engines/wasmtime/libengine.so,,benchmarks/quicksort/benchmark.wasm,20495,4,Instantiation,cycles,5194
aarch64,engines/wasmtime/libengine.so,,benchmarks/quicksort/benchmark.wasm,20495,4,Execution,cycles,1872167
aarch64,engines/wasmtime/libengine.so,,benchmarks/quicksort/benchmark.wasm,20495,5,Compilation,cycles,1013301
aarch64,engines/wasmtime/libengine.so,,benchmarks/quicksort/benchmark.wasm,20495,5,Instantiation,cycles,5181
aarch64,engines/wasmtime/libengine.so,,benchmarks/quicksort/benchmark.wasm,20495,5,Execution,cycles,1879305
aarch64,engines/wasmtime/libengine.so,,benchmarks/quicksort/benchmark.wasm,20495,6,Compilation,cycles,1015389
aarch64,engines/wasmtime/libengine.so,,benchmarks/quicksort/benchmark.wasm,20495,6,Instantiation,cycles,5241
aarch64,engines/wasmtime/libengine.so,,benchmarks/quicksort/benchmark.wasm,20495,6,Execution,cycles,1872553
aarch64,engines/wasmtime/libengine.so,,benchmarks/quicksort/benchmark.wasm,20495,7,Compilation,cycles,1015129
aarch64,engines/wasmtime/libengine.so,,benchmarks/quicksort/benchmark.wasm,20495,7,Instantiation,cycles,5355
aarch64,engines/wasmtime/libengine.so,,benchmarks/quicksort/benchmark.wasm,20495,7,Execution,cycles,1862294
aarch64,engines/wasmtime/libengine.so,,benchmarks/quicksort/benchmark.wasm,20495,8,Compilation,cycles,1011362
aarch64,engines/wasmtime/libengine.so,,benchmarks/quicksort/benchmark.wasm,20495,8,Instantiation,cycles,5467
aarch64,engines/wasmtime/libengine.so,,benchmarks/quicksort/benchmark.wasm,20495,8,Execution,cycles,1872537
aarch64,engines/wasmtime/libengine.so,,benchmarks/quicksort/benchmark.wasm,20495,9,Compilation,cycles,1010425
aarch64,engines/wasmtime/libengine.so,,benchmarks/quicksort/benchmark.wasm,20495,9,Instantiation,cycles,5179
aarch64,engines/wasmtime/libengine.so,,benchmarks/quicksort/benchmark.wasm,20495,9,Execution,cycles,1860764
aarch64,engines/wasmtime/libengine.so,,benchmarks/meshoptimizer/benchmark.wasm,20504,0,Compilation,cycles,1964826
aarch64,engines/wasmtime/libengine.so,,benchmarks/meshoptimizer/benchmark.wasm,20504,0,Instantiation,cycles,5507
aarch64,engines/wasmtime/libengine.so,,benchmarks/meshoptimizer/benchmark.wasm,20504,0,Execution,cycles,123951526
aarch64,engines/wasmtime/libengine.so,,benchmarks/meshoptimizer/benchmark.wasm,20504,1,Compilation,cycles,1367658
aarch64,engines/wasmtime/libengine.so,,benchmarks/meshoptimizer/benchmark.wasm,20504,1,Instantiation,cycles,5720
aarch64,engines/wasmtime/libengine.so,,benchmarks/meshoptimizer/benchmark.wasm,20504,1,Execution,cycles,123816639
aarch64,engines/wasmtime/libengine.so,,benchmarks/meshoptimizer/benchmark.wasm,20504,2,Compilation,cycles,1496471
aarch64,engines/wasmtime/libengine.so,,benchmarks/meshoptimizer/benchmark.wasm,20504,2,Instantiation,cycles,5622
aarch64,engines/wasmtime/libengine.so,,benchmarks/meshoptimizer/benchmark.wasm,20504,2,Execution,cycles,123784601
aarch64,engines/wasmtime/libengine.so,,benchmarks/meshoptimizer/benchmark.wasm,20504,3,Compilation,cycles,1467812
aarch64,engines/wasmtime/libengine.so,,benchmarks/meshoptimizer/benchmark.wasm,20504,3,Instantiation,cycles,6008
aarch64,engines/wasmtime/libengine.so,,benchmarks/meshoptimizer/benchmark.wasm,20504,3,Execution,cycles,123758444
aarch64,engines/wasmtime/libengine.so,,benchmarks/meshoptimizer/benchmark.wasm,20504,4,Compilation,cycles,1452270
aarch64,engines/wasmtime/libengine.so,,benchmarks/meshoptimizer/benchmark.wasm,20504,4,Instantiation,cycles,4860
aarch64,engines/wasmtime/libengine.so,,benchmarks/meshoptimizer/benchmark.wasm,20504,4,Execution,cycles,123820969
aarch64,engines/wasmtime/libengine.so,,benchmarks/meshoptimizer/benchmark.wasm,20504,5,Compilation,cycles,1460934
aarch64,engines/wasmtime/libengine.so,,benchmarks/meshoptimizer/benchmark.wasm,20504,5,Instantiation,cycles,5257
aarch64,engines/wasmtime/libengine.so,,benchmarks/meshoptimizer/benchmark.wasm,20504,5,Execution,cycles,123849670
aarch64,engines/wasmtime/libengine.so,,benchmarks/meshoptimizer/benchmark.wasm,20504,6,Compilation,cycles,1475337
aarch64,engines/wasmtime/libengine.so,,benchmarks/meshoptimizer/benchmark.wasm,20504,6,Instantiation,cycles,5160
aarch64,engines/wasmtime/libengine.so,,benchmarks/meshoptimizer/benchmark.wasm,20504,6,Execution,cycles,123947534
aarch64,engines/wasmtime/libengine.so,,benchmarks/meshoptimizer/benchmark.wasm,20504,7,Compilation,cycles,1467705
aarch64,engines/wasmtime/libengine.so,,benchmarks/meshoptimizer/benchmark.wasm,20504,7,Instantiation,cycles,5199
aarch64,engines/wasmtime/libengine.so,,benchmarks/meshoptimizer/benchmark.wasm,20504,7,Execution,cycles,123732610
aarch64,engines/wasmtime/libengine.so,,benchmarks/meshoptimizer/benchmark.wasm,20504,8,Compilation,cycles,1487121
aarch64,engines/wasmtime/libengine.so,,benchmarks/meshoptimizer/benchmark.wasm,20504,8,Instantiation,cycles,5336
aarch64,engines/wasmtime/libengine.so,,benchmarks/meshoptimizer/benchmark.wasm,20504,8,Execution,cycles,124077727
aarch64,engines/wasmtime/libengine.so,,benchmarks/meshoptimizer/benchmark.wasm,20504,9,Compilation,cycles,1458137
aarch64,engines/wasmtime/libengine.so,,benchmarks/meshoptimizer/benchmark.wasm,20504,9,Instantiation,cycles,5365
aarch64,engines/wasmtime/libengine.so,,benchmarks/meshoptimizer/benchmark.wasm,20504,9,Execution,cycles,123934272
aarch64,engines/wasmtime/libengine.so,,benchmarks/blind-sig/benchmark.wasm,20513,0,Compilation,cycles,8677538
aarch64,engines/wasmtime/libengine.so,,benchmarks/blind-sig/benchmark.wasm,20513,0,Instantiation,cycles,5772
aarch64,engines/wasmtime/libengine.so,,benchmarks/blind-sig/benchmark.wasm,20513,0,Execution,cycles,7534367
aarch64,engines/wasmtime/libengine.so,,benchmarks/blind-sig/benchmark.wasm,20513,1,Compilation,cycles,7890373
aarch64,engines/wasmtime/libengine.so,,benchmarks/blind-sig/benchmark.wasm,20513,1,Instantiation,cycles,7878
aarch64,engines/wasmtime/libengine.so,,benchmarks/blind-sig/benchmark.wasm,20513,1,Execution,cycles,7541711
aarch64,engines/wasmtime/libengine.so,,benchmarks/blind-sig/benchmark.wasm,20513,2,Compilation,cycles,8865223
aarch64,engines/wasmtime/libengine.so,,benchmarks/blind-sig/benchmark.wasm,20513,2,Instantiation,cycles,7914
aarch64,engines/wasmtime/libengine.so,,benchmarks/blind-sig/benchmark.wasm,20513,2,Execution,cycles,7532429
aarch64,engines/wasmtime/libengine.so,,benchmarks/blind-sig/benchmark.wasm,20513,3,Compilation,cycles,8322000
aarch64,engines/wasmtime/libengine.so,,benchmarks/blind-sig/benchmark.wasm,20513,3,Instantiation,cycles,7977
aarch64,engines/wasmtime/libengine.so,,benchmarks/blind-sig/benchmark.wasm,20513,3,Execution,cycles,7534873
aarch64,engines/wasmtime/libengine.so,,benchmarks/blind-sig/benchmark.wasm,20513,4,Compilation,cycles,8023496
aarch64,engines/wasmtime/libengine.so,,benchmarks/blind-sig/benchmark.wasm,20513,4,Instantiation,cycles,5353
aarch64,engines/wasmtime/libengine.so,,benchmarks/blind-sig/benchmark.wasm,20513,4,Execution,cycles,7535509
aarch64,engines/wasmtime/libengine.so,,benchmarks/blind-sig/benchmark.wasm,20513,5,Compilation,cycles,8351129
aarch64,engines/wasmtime/libengine.so,,benchmarks/blind-sig/benchmark.wasm,20513,5,Instantiation,cycles,6898
aarch64,engines/wasmtime/libengine.so,,benchmarks/blind-sig/benchmark.wasm,20513,5,Execution,cycles,7531187
aarch64,engines/wasmtime/libengine.so,,benchmarks/blind-sig/benchmark.wasm,20513,6,Compilation,cycles,8053169
aarch64,engines/wasmtime/libengine.so,,benchmarks/blind-sig/benchmark.wasm,20513,6,Instantiation,cycles,5432
aarch64,engines/wasmtime/libengine.so,,benchmarks/blind-sig/benchmark.wasm,20513,6,Execution,cycles,7537334
aarch64,engines/wasmtime/libengine.so,,benchmarks/blind-sig/benchmark.wasm,20513,7,Compilation,cycles,7826081
aarch64,engines/wasmtime/libengine.so,,benchmarks/blind-sig/benchmark.wasm,20513,7,Instantiation,cycles,5214
aarch64,engines/wasmtime/libengine.so,,benchmarks/blind-sig/benchmark.wasm,20513,7,Execution,cycles,7531820
aarch64,engines/wasmtime/libengine.so,,benchmarks/blind-sig/benchmark.wasm,20513,8,Compilation,cycles,8885104
aarch64,engines/wasmtime/libengine.so,,benchmarks/blind-sig/benchmark.wasm,20513,8,Instantiation,cycles,6906
aarch64,engines/wasmtime/libengine.so,,benchmarks/blind-sig/benchmark.wasm,20513,8,Execution,cycles,7531676
aarch64,engines/wasmtime/libengine.so,,benchmarks/blind-sig/benchmark.wasm,20513,9,Compilation,cycles,8217558
aarch64,engines/wasmtime/libengine.so,,benchmarks/blind-sig/benchmark.wasm,20513,9,Instantiation,cycles,6012
aarch64,engines/wasmtime/libengine.so,,benchmarks/blind-sig/benchmark.wasm,20513,9,Execution,cycles,7533563
aarch64,engines/wasmtime/libengine.so,,benchmarks/meshoptimizer/benchmark.wasm,20523,0,Compilation,cycles,2784462
aarch64,engines/wasmtime/libengine.so,,benchmarks/meshoptimizer/benchmark.wasm,20523,0,Instantiation,cycles,5212
aarch64,engines/wasmtime/libengine.so,,benchmarks/meshoptimizer/benchmark.wasm,20523,0,Execution,cycles,123945375
aarch64,engines/wasmtime/libengine.so,,benchmarks/meshoptimizer/benchmark.wasm,20523,1,Compilation,cycles,1452204
aarch64,engines/wasmtime/libengine.so,,benchmarks/meshoptimizer/benchmark.wasm,20523,1,Instantiation,cycles,6089
aarch64,engines/wasmtime/libengine.so,,benchmarks/meshoptimizer/benchmark.wasm,20523,1,Execution,cycles,123849593
aarch64,engines/wasmtime/libengine.so,,benchmarks/meshoptimizer/benchmark.wasm,20523,2,Compilation,cycles,1472300
aarch64,engines/wasmtime/libengine.so,,benchmarks/meshoptimizer/benchmark.wasm,20523,2,Instantiation,cycles,5749
aarch64,engines/wasmtime/libengine.so,,benchmarks/meshoptimizer/benchmark.wasm,20523,2,Execution,cycles,123785691
aarch64,engines/wasmtime/libengine.so,,benchmarks/meshoptimizer/benchmark.wasm,20523,3,Compilation,cycles,1476952
aarch64,engines/wasmtime/libengine.so,,benchmarks/meshoptimizer/benchmark.wasm,20523,3,Instantiation,cycles,5234
aarch64,engines/wasmtime/libengine.so,,benchmarks/meshoptimizer/benchmark.wasm,20523,3,Execution,cycles,123938283
aarch64,engines/wasmtime/libengine.so,,benchmarks/meshoptimizer/benchmark.wasm,20523,4,Compilation,cycles,1461843
aarch64,engines/wasmtime/libengine.so,,benchmarks/meshoptimizer/benchmark.wasm,20523,4,Instantiation,cycles,5434
aarch64,engines/wasmtime/libengine.so,,benchmarks/meshoptimizer/benchmark.wasm,20523,4,Execution,cycles,124006952
aarch64,engines/wasmtime/libengine.so,,benchmarks/meshoptimizer/benchmark.wasm,20523,5,Compilation,cycles,1408134
aarch64,engines/wasmtime/libengine.so,,benchmarks/meshoptimizer/benchmark.wasm,20523,5,Instantiation,cycles,5211
aarch64,engines/wasmtime/libengine.so,,benchmarks/meshoptimizer/benchmark.wasm,20523,5,Execution,cycles,123993351
aarch64,engines/wasmtime/libengine.so,,benchmarks/meshoptimizer/benchmark.wasm,20523,6,Compilation,cycles,1461117
aarch64,engines/wasmtime/libengine.so,,benchmarks/meshoptimizer/benchmark.wasm,20523,6,Instantiation,cycles,5214
aarch64,engines/wasmtime/libengine.so,,benchmarks/meshoptimizer/benchmark.wasm,20523,6,Execution,cycles,123931013
aarch64,engines/wasmtime/libengine.so,,benchmarks/meshoptimizer/benchmark.wasm,20523,7,Compilation,cycles,1779684
aarch64,engines/wasmtime/libengine.so,,benchmarks/meshoptimizer/benchmark.wasm,20523,7,Instantiation,cycles,5025
aarch64,engines/wasmtime/libengine.so,,benchmarks/meshoptimizer/benchmark.wasm,20523,7,Execution,cycles,123944438
aarch64,engines/wasmtime/libengine.so,,benchmarks/meshoptimizer/benchmark.wasm,20523,8,Compilation,cycles,1452759
aarch64,engines/wasmtime/libengine.so,,benchmarks/meshoptimizer/benchmark.wasm,20523,8,Instantiation,cycles,5241
aarch64,engines/wasmtime/libengine.so,,benchmarks/meshoptimizer/benchmark.wasm,20523,8,Execution,cycles,123929964
aarch64,engines/wasmtime/libengine.so,,benchmarks/meshoptimizer/benchmark.wasm,20523,9,Compilation,cycles,1472348
aarch64,engines/wasmtime/libengine.so,,benchmarks/meshoptimizer/benchmark.wasm,20523,9,Instantiation,cycles,5234
aarch64,engines/wasmtime/libengine.so,,benchmarks/meshoptimizer/benchmark.wasm,20523,9,Execution,cycles,124048974
aarch64,engines/wasmtime/libengine.so,,benchmarks/meshoptimizer/benchmark.wasm,20533,0,Compilation,cycles,2492074
aarch64,engines/wasmtime/libengine.so,,benchmarks/meshoptimizer/benchmark.wasm,20533,0,Instantiation,cycles,5673
aarch64,engines/wasmtime/libengine.so,,benchmarks/meshoptimizer/benchmark.wasm,20533,0,Execution,cycles,123708092
aarch64,engines/wasmtime/libengine.so,,benchmarks/meshoptimizer/benchmark.wasm,20533,1,Compilation,cycles,1472266
aarch64,engines/wasmtime/libengine.so,,benchmarks/meshoptimizer/benchmark.wasm,20533,1,Instantiation,cycles,5566
aarch64,engines/wasmtime/libengine.so,,benchmarks/meshoptimizer/benchmark.wasm,20533,1,Execution,cycles,123775688
aarch64,engines/wasmtime/libengine.so,,benchmarks/meshoptimizer/benchmark.wasm,20533,2,Compilation,cycles,1472087
aarch64,engines/wasmtime/libengine.so,,benchmarks/meshoptimizer/benchmark.wasm,20533,2,Instantiation,cycles,5759
aarch64,engines/wasmtime/libengine.so,,benchmarks/meshoptimizer/benchmark.wasm,20533,2,Execution,cycles,123912061
aarch64,engines/wasmtime/libengine.so,,benchmarks/meshoptimizer/benchmark.wasm,20533,3,Compilation,cycles,1442733
aarch64,engines/wasmtime/libengine.so,,benchmarks/meshoptimizer/benchmark.wasm,20533,3,Instantiation,cycles,5147
aarch64,engines/wasmtime/libengine.so,,benchmarks/meshoptimizer/benchmark.wasm,20533,3,Execution,cycles,123797146
aarch64,engines/wasmtime/libengine.so,,benchmarks/meshoptimizer/benchmark.wasm,20533,4,Compilation,cycles,1467765
aarch64,engines/wasmtime/libengine.so,,benchmarks/meshoptimizer/benchmark.wasm,20533,4,Instantiation,cycles,5540
aarch64,engines/wasmtime/libengine.so,,benchmarks/meshoptimizer/benchmark.wasm,20533,4,Execution,cycles,123927079
aarch64,engines/wasmtime/libengine.so,,benchmarks/meshoptimizer/benchmark.wasm,20533,5,Compilation,cycles,1383715
aarch64,engines/wasmtime/libengine.so,,benchmarks/meshoptimizer/benchmark.wasm,20533,5,Instantiation,cycles,5532
aarch64,engines/wasmtime/libengine.so,,benchmarks/meshoptimizer/benchmark.wasm,20533,5,Execution,cycles,123848248
aarch64,engines/wasmtime/libengine.so,,benchmarks/meshoptimizer/benchmark.wasm,20533,6,Compilation,cycles,1286877
aarch64,engines/wasmtime/libengine.so,,benchmarks/meshoptimizer/benchmark.wasm,20533,6,Instantiation,cycles,5673
aarch64,engines/wasmtime/libengine.so,,benchmarks/meshoptimizer/benchmark.wasm,20533,6,Execution,cycles,123924482
aarch64,engines/wasmtime/libengine.so,,benchmarks/meshoptimizer/benchmark.wasm,20533,7,Compilation,cycles,1467496
aarch64,engines/wasmtime/libengine.so,,benchmarks/meshoptimizer/benchmark.wasm,20533,7,Instantiation,cycles,5263
aarch64,engines/wasmtime/libengine.so,,benchmarks/meshoptimizer/benchmark.wasm,20533,7,Execution,cycles,123864714
aarch64,engines/wasmtime/libengine.so,,benchmarks/meshoptimizer/benchmark.wasm,20533,8,Compilation,cycles,1462293
aarch64,engines/wasmtime/libengine.so,,benchmarks/meshoptimizer/benchmark.wasm,20533,8,Instantiation,cycles,5199
aarch64,engines/wasmtime/libengine.so,,benchmarks/meshoptimizer/benchmark.wasm,20533,8,Execution,cycles,123907832
aarch64,engines/wasmtime/libengine.so,,benchmarks/meshoptimizer/benchmark.wasm,20533,9,Compilation,cycles,1459285
aarch64,engines/wasmtime/libengine.so,,benchmarks/meshoptimizer/benchmark.wasm,20533,9,Instantiation,cycles,5315
aarch64,engines/wasmtime/libengine.so,,benchmarks/meshoptimizer/benchmark.wasm,20533,9,Execution,cycles,123804827
aarch64,engines/wasmtime/libengine.so,,benchmarks/hashset/benchmark.wasm,20542,0,Compilation,cycles,14045024
aarch64,engines/wasmtime/libengine.so,,benchmarks/hashset/benchmark.wasm,20542,0,Instantiation,cycles,5338
aarch64,engines/wasmtime/libengine.so,,benchmarks/hashset/benchmark.wasm,20542,0,Execution,cycles,2096749
aarch64,engines/wasmtime/libengine.so,,benchmarks/hashset/benchmark.wasm,20542,1,Compilation,cycles,14062280
aarch64,engines/wasmtime/libengine.so,,benchmarks/hashset/benchmark.wasm,20542,1,Instantiation,cycles,5895
aarch64,engines/wasmtime/libengine.so,,benchmarks/hashset/benchmark.wasm,20542,1,Execution,cycles,2097407
aarch64,engines/wasmtime/libengine.so,,benchmarks/hashset/benchmark.wasm,20542,2,Compilation,cycles,13979704
aarch64,engines/wasmtime/libengine.so,,benchmarks/hashset/benchmark.wasm,20542,2,Instantiation,cycles,5420
aarch64,engines/wasmtime/libengine.so,,benchmarks/hashset/benchmark.wasm,20542,2,Execution,cycles,2095905
aarch64,engines/wasmtime/libengine.so,,benchmarks/hashset/benchmark.wasm,20542,3,Compilation,cycles,13863284
aarch64,engines/wasmtime/libengine.so,,benchmarks/hashset/benchmark.wasm,20542,3,Instantiation,cycles,5302
aarch64,engines/wasmtime/libengine.so,,benchmarks/hashset/benchmark.wasm,20542,3,Execution,cycles,2095276
aarch64,engines/wasmtime/libengine.so,,benchmarks/hashset/benchmark.wasm,20542,4,Compilation,cycles,13911083
aarch64,engines/wasmtime/libengine.so,,benchmarks/hashset/benchmark.wasm,20542,4,Instantiation,cycles,5411
aarch64,engines/wasmtime/libengine.so,,benchmarks/hashset/benchmark.wasm,20542,4,Execution,cycles,2108126
aarch64,engines/wasmtime/libengine.so,,benchmarks/hashset/benchmark.wasm,20542,5,Compilation,cycles,13859650
aarch64,engines/wasmtime/libengine.so,,benchmarks/hashset/benchmark.wasm,20542,5,Instantiation,cycles,5397
aarch64,engines/wasmtime/libengine.so,,benchmarks/hashset/benchmark.wasm,20542,5,Execution,cycles,2097745
aarch64,engines/wasmtime/libengine.so,,benchmarks/hashset/benchmark.wasm,20542,6,Compilation,cycles,13819444
aarch64,engines/wasmtime/libengine.so,,benchmarks/hashset/benchmark.wasm,20542,6,Instantiation,cycles,5481
aarch64,engines/wasmtime/libengine.so,,benchmarks/hashset/benchmark.wasm,20542,6,Execution,cycles,2092987
aarch64,engines/wasmtime/libengine.so,,benchmarks/hashset/benchmark.wasm,20542,7,Compilation,cycles,13799904
aarch64,engines/wasmtime/libengine.so,,benchmarks/hashset/benchmark.wasm,20542,7,Instantiation,cycles,5277
aarch64,engines/wasmtime/libengine.so,,benchmarks/hashset/benchmark.wasm,20542,7,Execution,cycles,2095096
aarch64,engines/wasmtime/libengine.so,,benchmarks/hashset/benchmark.wasm,20542,8,Compilation,cycles,13948664
aarch64,engines/wasmtime/libengine.so,,benchmarks/hashset/benchmark.wasm,20542,8,Instantiation,cycles,5229
aarch64,engines/wasmtime/libengine.so,,benchmarks/hashset/benchmark.wasm,20542,8,Execution,cycles,2096829
aarch64,engines/wasmtime/libengine.so,,benchmarks/hashset/benchmark.wasm,20542,9,Compilation,cycles,13919450
aarch64,engines/wasmtime/libengine.so,,benchmarks/hashset/benchmark.wasm,20542,9,Instantiation,cycles,5425
aarch64,engines/wasmtime/libengine.so,,benchmarks/hashset/benchmark.wasm,20542,9,Execution,cycles,2097091
aarch64,engines/wasmtime/libengine.so,,benchmarks/quicksort/benchmark.wasm,20551,0,Compilation,cycles,2347696
aarch64,engines/wasmtime/libengine.so,,benchmarks/quicksort/benchmark.wasm,20551,0,Instantiation,cycles,5272
aarch64,engines/wasmtime/libengine.so,,benchmarks/quicksort/benchmark.wasm,20551,0,Execution,cycles,1876195
aarch64,engines/wasmtime/libengine.so,,benchmarks/quicksort/benchmark.wasm,20551,1,Compilation,cycles,1052639
aarch64,engines/wasmtime/libengine.so,,benchmarks/quicksort/benchmark.wasm,20551,1,Instantiation,cycles,5314
aarch64,engines/wasmtime/libengine.so,,benchmarks/quicksort/benchmark.wasm,20551,1,Execution,cycles,1889398
aarch64,engines/wasmtime/libengine.so,,benchmarks/quicksort/benchmark.wasm,20551,2,Compilation,cycles,1030853
aarch64,engines/wasmtime/libengine.so,,benchmarks/quicksort/benchmark.wasm,20551,2,Instantiation,cycles,5322
aarch64,engines/wasmtime/libengine.so,,benchmarks/quicksort/benchmark.wasm,20551,2,Execution,cycles,1879243
aarch64,engines/wasmtime/libengine.so,,benchmarks/quicksort/benchmark.wasm,20551,3,Compilation,cycles,1025465
aarch64,engines/wasmtime/libengine.so,,benchmarks/quicksort/benchmark.wasm,20551,3,Instantiation,cycles,5892
aarch64,engines/wasmtime/libengine.so,,benchmarks/quicksort/benchmark.wasm,20551,3,Execution,cycles,1870834
aarch64,engines/wasmtime/libengine.so,,benchmarks/quicksort/benchmark.wasm,20551,4,Compilation,cycles,1012705
aarch64,engines/wasmtime/libengine.so,,benchmarks/quicksort/benchmark.wasm,20551,4,Instantiation,cycles,5767
aarch64,engines/wasmtime/libengine.so,,benchmarks/quicksort/benchmark.wasm,20551,4,Execution,cycles,1869923
aarch64,engines/wasmtime/libengine.so,,benchmarks/quicksort/benchmark.wasm,20551,5,Compilation,cycles,1015011
aarch64,engines/wasmtime/libengine.so,,benchmarks/quicksort/benchmark.wasm,20551,5,Instantiation,cycles,5192
aarch64,engines/wasmtime/libengine.so,,benchmarks/quicksort/benchmark.wasm,20551,5,Execution,cycles,1865961
aarch64,engines/wasmtime/libengine.so,,benchmarks/quicksort/benchmark.wasm,20551,6,Compilation,cycles,1020568
aarch64,engines/wasmtime/libengine.so,,benchmarks/quicksort/benchmark.wasm,20551,6,Instantiation,cycles,5165
aarch64,engines/wasmtime/libengine.so,,benchmarks/quicksort/benchmark.wasm,20551,6,Execution,cycles,1875476
aarch64,engines/wasmtime/libengine.so,,benchmarks/quicksort/benchmark.wasm,20551,7,Compilation,cycles,1014008
aarch64,engines/wasmtime/libengine.so,,benchmarks/quicksort/benchmark.wasm,20551,7,Instantiation,cycles,5228
aarch64,engines/wasmtime/libengine.so,,benchmarks/quicksort/benchmark.wasm,20551,7,Execution,cycles,1868199
aarch64,engines/wasmtime/libengine.so,,benchmarks/quicksort/benchmark.wasm,20551,8,Compilation,cycles,1133355
aarch64,engines/wasmtime/libengine.so,,benchmarks/quicksort/benchmark.wasm,20551,8,Instantiation,cycles,5428
aarch64,engines/wasmtime/libengine.so,,benchmarks/quicksort/benchmark.wasm,20551,8,Execution,cycles,1873693
aarch64,engines/wasmtime/libengine.so,,benchmarks/quicksort/benchmark.wasm,20551,9,Compilation,cycles,963875
aarch64,engines/wasmtime/libengine.so,,benchmarks/quicksort/benchmark.wasm,20551,9,Instantiation,cycles,5127
aarch64,engines/wasmtime/libengine.so,,benchmarks/quicksort/benchmark.wasm,20551,9,Execution,cycles,1885814
aarch64,engines/wasmtime/libengine.so,,benchmarks/blind-sig/benchmark.wasm,20560,0,Compilation,cycles,8418913
aarch64,engines/wasmtime/libengine.so,,benchmarks/blind-sig/benchmark.wasm,20560,0,Instantiation,cycles,6588
aarch64,engines/wasmtime/libengine.so,,benchmarks/blind-sig/benchmark.wasm,20560,0,Execution,cycles,7533338
aarch64,engines/wasmtime/libengine.so,,benchmarks/blind-sig/benchmark.wasm,20560,1,Compilation,cycles,7756038
aarch64,engines/wasmtime/libengine.so,,benchmarks/blind-sig/benchmark.wasm,20560,1,Instantiation,cycles,5429
aarch64,engines/wasmtime/libengine.so,,benchmarks/blind-sig/benchmark.wasm,20560,1,Execution,cycles,7531665
aarch64,engines/wasmtime/libengine.so,,benchmarks/blind-sig/benchmark.wasm,20560,2,Compilation,cycles,8671562
aarch64,engines/wasmtime/libengine.so,,benchmarks/blind-sig/benchmark.wasm,20560,2,Instantiation,cycles,6447
aarch64,engines/wasmtime/libengine.so,,benchmarks/blind-sig/benchmark.wasm,20560,2,Execution,cycles,7536154
aarch64,engines/wasmtime/libengine.so,,benchmarks/blind-sig/benchmark.wasm,20560,3,Compilation,cycles,8743732
aarch64,engines/wasmtime/libengine.so,,benchmarks/blind-sig/benchmark.wasm,20560,3,Instantiation,cycles,5938
aarch64,engines/wasmtime/libengine.so,,benchmarks/blind-sig/benchmark.wasm,20560,3,Execution,cycles,7537351
aarch64,engines/wasmtime/libengine.so,,benchmarks/blind-sig/benchmark.wasm,20560,4,Compilation,cycles,7715514
aarch64,engines/wasmtime/libengine.so,,benchmarks/blind-sig/benchmark.wasm,20560,4,Instantiation,cycles,6172
aarch64,engines/wasmtime/libengine.so,,benchmarks/blind-sig/benchmark.wasm,20560,4,Execution,cycles,7533854
aarch64,engines/wasmtime/libengine.so,,benchmarks/blind-sig/benchmark.wasm,20560,5,Compilation,cycles,8354902
aarch64,engines/wasmtime/libengine.so,,benchmarks/blind-sig/benchmark.wasm,20560,5,Instantiation,cycles,6265
aarch64,engines/wasmtime/libengine.so,,benchmarks/blind-sig/benchmark.wasm,20560,5,Execution,cycles,7532398
aarch64,engines/wasmtime/libengine.so,,benchmarks/blind-sig/benchmark.wasm,20560,6,Compilation,cycles,8417329
aarch64,engines/wasmtime/libengine.so,,benchmarks/blind-sig/benchmark.wasm,20560,6,Instantiation,cycles,5289
aarch64,engines/wasmtime/libengine.so,,benchmarks/blind-sig/benchmark.wasm,20560,6,Execution,cycles,7531166
aarch64,engines/wasmtime/libengine.so,,benchmarks/blind-sig/benchmark.wasm,20560,7,Compilation,cycles,7906772
aarch64,engines/wasmtime/libengine.so,,benchmarks/blind-sig/benchmark.wasm,20560,7,Instantiation,cycles,6304
aarch64,engines/wasmtime/libengine.so,,benchmarks/blind-sig/benchmark.wasm,20560,7,Execution,cycles,7532116
aarch64,engines/wasmtime/libengine.so,,benchmarks/blind-sig/benchmark.wasm,20560,8,Compilation,cycles,8306637
aarch64,engines/wasmtime/libengine.so,,benchmarks/blind-sig/benchmark.wasm,20560,8,Instantiation,cycles,6380
aarch64,engines/wasmtime/libengine.so,,benchmarks/blind-sig/benchmark.wasm,20560,8,Execution,cycles,7537168
aarch64,engines/wasmtime/libengine.so,,benchmarks/blind-sig/benchmark.wasm,20560,9,Compilation,cycles,7714253
aarch64,engines/wasmtime/libengine.so,,benchmarks/blind-sig/benchmark.wasm,20560,9,Instantiation,cycles,6512
aarch64,engines/wasmtime/libengine.so,,benchmarks/blind-sig/benchmark.wasm,20560,9,Execution,cycles,7530729
aarch64,engines/wasmtime/libengine.so,,benchmarks/bz2/benchmark.wasm,20570,0,Compilation,cycles,3888521
aarch64,engines/wasmtime/libengine.so,,benchmarks/bz2/benchmark.wasm,20570,0,Instantiation,cycles,5603
aarch64,engines/wasmtime/libengine.so,,benchmarks/bz2/benchmark.wasm,20570,0,Execution,cycles,2183295
aarch64,engines/wasmtime/libengine.so,,benchmarks/bz2/benchmark.wasm,20570,1,Compilation,cycles,3195828
aarch64,engines/wasmtime/libengine.so,,benchmarks/bz2/benchmark.wasm,20570,1,Instantiation,cycles,5448
aarch64,engines/wasmtime/libengine.so,,benchmarks/bz2/benchmark.wasm,20570,1,Execution,cycles,2187912
aarch64,engines/wasmtime/libengine.so,,benchmarks/bz2/benchmark.wasm,20570,2,Compilation,cycles,3185083
aarch64,engines/wasmtime/libengine.so,,benchmarks/bz2/benchmark.wasm,20570,2,Instantiation,cycles,5500
aarch64,engines/wasmtime/libengine.so,,benchmarks/bz2/benchmark.wasm,20570,2,Execution,cycles,2174974
aarch64,engines/wasmtime/libengine.so,,benchmarks/bz2/benchmark.wasm,20570,3,Compilation,cycles,3200131
aarch64,engines/wasmtime/libengine.so,,benchmarks/bz2/benchmark.wasm,20570,3,Instantiation,cycles,5297
aarch64,engines/wasmtime/libengine.so,,benchmarks/bz2/benchmark.wasm,20570,3,Execution,cycles,2175918
aarch64,engines/wasmtime/libengine.so,,benchmarks/bz2/benchmark.wasm,20570,4,Compilation,cycles,3180875
aarch64,engines/wasmtime/libengine.so,,benchmarks/bz2/benchmark.wasm,20570,4,Instantiation,cycles,5310
aarch64,engines/wasmtime/libengine.so,,benchmarks/bz2/benchmark.wasm,20570,4,Execution,cycles,2181798
aarch64,engines/wasmtime/libengine.so,,benchmarks/bz2/benchmark.wasm,20570,5,Compilation,cycles,3164818
aarch64,engines/wasmtime/libengine.so,,benchmarks/bz2/benchmark.wasm,20570,5,Instantiation,cycles,5651
aarch64,engines/wasmtime/libengine.so,,benchmarks/bz2/benchmark.wasm,20570,5,Execution,cycles,2182063
aarch64,engines/wasmtime/libengine.so,,benchmarks/bz2/benchmark.wasm,20570,6,Compilation,cycles,3147333
aarch64,engines/wasmtime/libengine.so,,benchmarks/bz2/benchmark.wasm,20570,6,Instantiation,cycles,5433
aarch64,engines/wasmtime/libengine.so,,benchmarks/bz2/benchmark.wasm,20570,6,Execution,cycles,2182472
aarch64,engines/wasmtime/libengine.so,,benchmarks/bz2/benchmark.wasm,20570,7,Compilation,cycles,3162885
aarch64,engines/wasmtime/libengine.so,,benchmarks/bz2/benchmark.wasm,20570,7,Instantiation,cycles,5261
aarch64,engines/wasmtime/libengine.so,,benchmarks/bz2/benchmark.wasm,20570,7,Execution,cycles,2189613
aarch64,engines/wasmtime/libengine.so,,benchmarks/bz2/benchmark.wasm,20570,8,Compilation,cycles,3174500
aarch64,engines/wasmtime/libengine.so,,benchmarks/bz2/benchmark.wasm,20570,8,Instantiation,cycles,5278
aarch64,engines/wasmtime/libengine.so,,benchmarks/bz2/benchmark.wasm,20570,8,Execution,cycles,2180941
aarch64,engines/wasmtime/libengine.so,,benchmarks/bz2/benchmark.wasm,20570,9,Compilation,cycles,3222905
aarch64,engines/wasmtime/libengine.so,,benchmarks/bz2/benchmark.wasm,20570,9,Instantiation,cycles,5072
aarch64,engines/wasmtime/libengine.so,,benchmarks/bz2/benchmark.wasm,20570,9,Execution,cycles,2195648
aarch64,engines/wasmtime/libengine.so,,benchmarks/hashset/benchmark.wasm,20580,0,Compilation,cycles,13809086
aarch64,engines/wasmtime/libengine.so,,benchmarks/hashset/benchmark.wasm,20580,0,Instantiation,cycles,5759
aarch64,engines/wasmtime/libengine.so,,benchmarks/hashset/benchmark.wasm,20580,0,Execution,cycles,2090624
aarch64,engines/wasmtime/libengine.so,,benchmarks/hashset/benchmark.wasm,20580,1,Compilation,cycles,13704559
aarch64,engines/wasmtime/libengine.so,,benchmarks/hashset/benchmark.wasm,20580,1,Instantiation,cycles,5008
aarch64,engines/wasmtime/libengine.so,,benchmarks/hashset/benchmark.wasm,20580,1,Execution,cycles,2095134
aarch64,engines/wasmtime/libengine.so,,benchmarks/hashset/benchmark.wasm,20580,2,Compilation,cycles,13844087
aarch64,engines/wasmtime/libengine.so,,benchmarks/hashset/benchmark.wasm,20580,2,Instantiation,cycles,5032
aarch64,engines/wasmtime/libengine.so,,benchmarks/hashset/benchmark.wasm,20580,2,Execution,cycles,2094511
aarch64,engines/wasmtime/libengine.so,,benchmarks/hashset/benchmark.wasm,20580,3,Compilation,cycles,13717976
aarch64,engines/wasmtime/libengine.so,,benchmarks/hashset/benchmark.wasm,20580,3,Instantiation,cycles,5065
aarch64,engines/wasmtime/libengine.so,,benchmarks/hashset/benchmark.wasm,20580,3,Execution,cycles,2097907
aarch64,engines/wasmtime/libengine.so,,benchmarks/hashset/benchmark.wasm,20580,4,Compilation,cycles,13885050
aarch64,engines/wasmtime/libengine.so,,benchmarks/hashset/benchmark.wasm,20580,4,Instantiation,cycles,5076
aarch64,engines/wasmtime/libengine.so,,benchmarks/hashset/benchmark.wasm,20580,4,Execution,cycles,2094448
aarch64,engines/wasmtime/libengine.so,,benchmarks/hashset/benchmark.wasm,20580,5,Compilation,cycles,13731967
aarch64,engines/wasmtime/libengine.so,,benchmarks/hashset/benchmark.wasm,20580,5,Instantiation,cycles,5033
aarch64,engines/wasmtime/libengine.so,,benchmarks/hashset/benchmark.wasm,20580,5,Execution,cycles,2093087
aarch64,engines/wasmtime/libengine.so,,benchmarks/hashset/benchmark.wasm,20580,6,Compilation,cycles,13773570
aarch64,engines/wasmtime/libengine.so,,benchmarks/hashset/benchmark.wasm,20580,6,Instantiation,cycles,5022
aarch64,engines/wasmtime/libengine.so,,benchmarks/hashset/benchmark.wasm,20580,6,Execution,cycles,2092473
aarch64,engines/wasmtime/libengine.so,,benchmarks/hashset/benchmark.wasm,20580,7,Compilation,cycles,13668728
aarch64,engines/wasmtime/libengine.so,,benchmarks/hashset/benchmark.wasm,20580,7,Instantiation,cycles,5155
aarch64,engines/wasmtime/libengine.so,,benchmarks/hashset/benchmark.wasm,20580,7,Execution,cycles,2095073
aarch64,engines/wasmtime/libengine.so,,benchmarks/hashset/benchmark.wasm,20580,8,Compilation,cycles,13752474
aarch64,engines/wasmtime/libengine.so,,benchmarks/hashset/benchmark.wasm,20580,8,Instantiation,cycles,5162
aarch64,engines/wasmtime/libengine.so,,benchmarks/hashset/benchmark.wasm,20580,8,Execution,cycles,2093969
aarch64,engines/wasmtime/libengine.so,,benchmarks/hashset/benchmark.wasm,20580,9,Compilation,cycles,13666446
aarch64,engines/wasmtime/libengine.so,,benchmarks/hashset/benchmark.wasm,20580,9,Instantiation,cycles,5215
aarch64,engines/wasmtime/libengine.so,,benchmarks/hashset/benchmark.wasm,20580,9,Execution,cycles,2089304
aarch64,engines/wasmtime/libengine.so,,benchmarks/meshoptimizer/benchmark.wasm,20589,0,Compilation,cycles,2549574
aarch64,engines/wasmtime/libengine.so,,benchmarks/meshoptimizer/benchmark.wasm,20589,0,Instantiation,cycles,5005
aarch64,engines/wasmtime/libengine.so,,benchmarks/meshoptimizer/benchmark.wasm,20589,0,Execution,cycles,123961941
aarch64,engines/wasmtime/libengine.so,,benchmarks/meshoptimizer/benchmark.wasm,20589,1,Compilation,cycles,1467295
aarch64,engines/wasmtime/libengine.so,,benchmarks/meshoptimizer/benchmark.wasm,20589,1,Instantiation,cycles,5779
aarch64,engines/wasmtime/libengine.so,,benchmarks/meshoptimizer/benchmark.wasm,20589,1,Execution,cycles,123837332
aarch64,engines/wasmtime/libengine.so,,benchmarks/meshoptimizer/benchmark.wasm,20589,2,Compilation,cycles,1447012
aarch64,engines/wasmtime/libengine.so,,benchmarks/meshoptimizer/benchmark.wasm,20589,2,Instantiation,cycles,6348
aarch64,engines/wasmtime/libengine.so,,benchmarks/meshoptimizer/benchmark.wasm,20589,2,Execution,cycles,123849428
aarch64,engines/wasmtime/libengine.so,,benchmarks/meshoptimizer/benchmark.wasm,20589,3,Compilation,cycles,1443894
aarch64,engines/wasmtime/libengine.so,,benchmarks/meshoptimizer/benchmark.wasm,20589,3,Instantiation,cycles,5784
aarch64,engines/wasmtime/libengine.so,,benchmarks/meshoptimizer/benchmark.wasm,20589,3,Execution,cycles,123833880
aarch64,engines/wasmtime/libengine.so,,benchmarks/meshoptimizer/benchmark.wasm,20589,4,Compilation,cycles,1437588
aarch64,engines/wasmtime/libengine.so,,benchmarks/meshoptimizer/benchmark.wasm,20589,4,Instantiation,cycles,5926
aarch64,engines/wasmtime/libengine.so,,benchmarks/meshoptimizer/benchmark.wasm,20589,4,Execution,cycles,123904345
aarch64,engines/wasmtime/libengine.so,,benchmarks/meshoptimizer/benchmark.wasm,20589,5,Compilation,cycles,1449695
aarch64,engines/wasmtime/libengine.so,,benchmarks/meshoptimizer/benchmark.wasm,20589,5,Instantiation,cycles,5647
aarch64,engines/wasmtime/libengine.so,,benchmarks/meshoptimizer/benchmark.wasm,20589,5,Execution,cycles,123933174
aarch64,engines/wasmtime/libengine.so,,benchmarks/meshoptimizer/benchmark.wasm,20589,6,Compilation,cycles,1930595
aarch64,engines/wasmtime/libengine.so,,benchmarks/meshoptimizer/benchmark.wasm,20589,6,Instantiation,cycles,5850
aarch64,engines/wasmtime/libengine.so,,benchmarks/meshoptimizer/benchmark.wasm,20589,6,Execution,cycles,124051036
aarch64,engines/wasmtime/libengine.so,,benchmarks/meshoptimizer/benchmark.wasm,20589,7,Compilation,cycles,1463612
aarch64,engines/wasmtime/libengine.so,,benchmarks/meshoptimizer/benchmark.wasm,20589,7,Instantiation,cycles,6326
aarch64,engines/wasmtime/libengine.so,,benchmarks/meshoptimizer/benchmark.wasm,20589,7,Execution,cycles,123951958
aarch64,engines/wasmtime/libengine.so,,benchmarks/meshoptimizer/benchmark.wasm,20589,8,Compilation,cycles,1434744
aarch64,engines/wasmtime/libengine.so,,benchmarks/meshoptimizer/benchmark.wasm,20589,8,Instantiation,cycles,6008
aarch64,engines/wasmtime/libengine.so,,benchmarks/meshoptimizer/benchmark.wasm,20589,8,Execution,cycles,123887032
aarch64,engines/wasmtime/libengine.so,,benchmarks/meshoptimizer/benchmark.wasm,20589,9,Compilation,cycles,1446154
aarch64,engines/wasmtime/libengine.so,,benchmarks/meshoptimizer/benchmark.wasm,20589,9,Instantiation,cycles,6104
aarch64,engines/wasmtime/libengine.so,,benchmarks/meshoptimizer/benchmark.wasm,20589,9,Execution,cycles,123850348
aarch64,engines/wasmtime/libengine.so,,benchmarks/bz2/benchmark.wasm,20598,0,Compilation,cycles,4197017
aarch64,engines/wasmtime/libengine.so,,benchmarks/bz2/benchmark.wasm,20598,0,Instantiation,cycles,5483
aarch64,engines/wasmtime/libengine.so,,benchmarks/bz2/benchmark.wasm,20598,0,Execution,cycles,2179014
aarch64,engines/wasmtime/libengine.so,,benchmarks/bz2/benchmark.wasm,20598,1,Compilation,cycles,3184599
aarch64,engines/wasmtime/libengine.so,,benchmarks/bz2/benchmark.wasm,20598,1,Instantiation,cycles,5385
aarch64,engines/wasmtime/libengine.so,,benchmarks/bz2/benchmark.wasm,20598,1,Execution,cycles,2186394
aarch64,engines/wasmtime/libengine.so,,benchmarks/bz2/benchmark.wasm,20598,2,Compilation,cycles,3169949
aarch64,engines/wasmtime/libengine.so,,benchmarks/bz2/benchmark.wasm,20598,2,Instantiation,cycles,5476
aarch64,engines/wasmtime/libengine.so,,benchmarks/bz2/benchmark.wasm,20598,2,Execution,cycles,2179243
aarch64,engines/wasmtime/libengine.so,,benchmarks/bz2/benchmark.wasm,20598,3,Compilation,cycles,3186609
aarch64,engines/wasmtime/libengine.so,,benchmarks/bz2/benchmark.wasm,20598,3,Instantiation,cycles,5562
aarch64,engines/wasmtime/libengine.so,,benchmarks/bz2/benchmark.wasm,20598,3,Execution,cycles,2184467
aarch64,engines/wasmtime/libengine.so,,benchmarks/bz2/benchmark.wasm,20598,4,Compilation,cycles,3183558
aarch64,engines/wasmtime/libengine.so,,benchmarks/bz2/benchmark.wasm,20598,4,Instantiation,cycles,5185
aarch64,engines/wasmtime/libengine.so,,benchmarks/bz2/benchmark.wasm,20598,4,Execution,cycles,2177161
aarch64,engines/wasmtime/libengine.so,,benchmarks/bz2/benchmark.wasm,20598,5,Compilation,cycles,3191066
aarch64,engines/wasmtime/libengine.so,,benchmarks/bz2/benchmark.wasm,20598,5,Instantiation,cycles,5029
aarch64,engines/wasmtime/libengine.so,,benchmarks/bz2/benchmark.wasm,20598,5,Execution,cycles,2175985
aarch64,engines/wasmtime/libengine.so,,benchmarks/bz2/benchmark.wasm,20598,6,Compilation,cycles,3158949
aarch64,engines/wasmtime/libengine.so,,benchmarks/bz2/benchmark.wasm,20598,6,Instantiation,cycles,5225
aarch64,engines/wasmtime/libengine.so,,benchmarks/bz2/benchmark.wasm,20598,6,Execution,cycles,2178727
aarch64,engines/wasmtime/libengine.so,,benchmarks/bz2/benchmark.wasm,20598,7,Compilation,cycles,3159973
aarch64,engines/wasmtime/libengine.so,,benchmarks/bz2/benchmark.wasm,20598,7,Instantiation,cycles,5384
aarch64,engines/wasmtime/libengine.so,,benchmarks/bz2/benchmark.wasm,20598,7,Execution,cycles,2188731
aarch64,engines/wasmtime/libengine.so,,benchmarks/bz2/benchmark.wasm,20598,8,Compilation,cycles,3178322
aarch64,engines/wasmtime/libengine.so,,benchmarks/bz2/benchmark.wasm,20598,8,Instantiation,cycles,5555
aarch64,engines/wasmtime/libengine.so,,benchmarks/bz2/benchmark.wasm,20598,8,Execution,cycles,2175097
aarch64,engines/wasmtime/libengine.so,,benchmarks/bz2/benchmark.wasm,20598,9,Compilation,cycles,3185362
aarch64,engines/wasmtime/libengine.so,,benchmarks/bz2/benchmark.wasm,20598,9,Instantiation,cycles,5511
aarch64,engines/wasmtime/libengine.so,,benchmarks/bz2/benchmark.wasm,20598,9,Execution,cycles,2179418
aarch64,engines/wasmtime/libengine.so,,benchmarks/meshoptimizer/benchmark.wasm,20608,0,Compilation,cycles,2674954
aarch64,engines/wasmtime/libengine.so,,benchmarks/meshoptimizer/benchmark.wasm,20608,0,Instantiation,cycles,5952
aarch64,engines/wasmtime/libengine.so,,benchmarks/meshoptimizer/benchmark.wasm,20608,0,Execution,cycles,124086404
aarch64,engines/wasmtime/libengine.so,,benchmarks/meshoptimizer/benchmark.wasm,20608,1,Compilation,cycles,1411430
aarch64,engines/wasmtime/libengine.so,,benchmarks/meshoptimizer/benchmark.wasm,20608,1,Instantiation,cycles,5320
aarch64,engines/wasmtime/libengine.so,,benchmarks/meshoptimizer/benchmark.wasm,20608,1,Execution,cycles,123828402
aarch64,engines/wasmtime/libengine.so,,benchmarks/meshoptimizer/benchmark.wasm,20608,2,Compilation,cycles,1488358
aarch64,engines/wasmtime/libengine.so,,benchmarks/meshoptimizer/benchmark.wasm,20608,2,Instantiation,cycles,5169
aarch64,engines/wasmtime/libengine.so,,benchmarks/meshoptimizer/benchmark.wasm,20608,2,Execution,cycles,124006522
aarch64,engines/wasmtime/libengine.so,,benchmarks/meshoptimizer/benchmark.wasm,20608,3,Compilation,cycles,1410048
aarch64,engines/wasmtime/libengine.so,,benchmarks/meshoptimizer/benchmark.wasm,20608,3,Instantiation,cycles,5365
aarch64,engines/wasmtime/libengine.so,,benchmarks/meshoptimizer/benchmark.wasm,20608,3,Execution,cycles,123898273
aarch64,engines/wasmtime/libengine.so,,benchmarks/meshoptimizer/benchmark.wasm,20608,4,Compilation,cycles,1460507
aarch64,engines/wasmtime/libengine.so,,benchmarks/meshoptimizer/benchmark.wasm,20608,4,Instantiation,cycles,5502
aarch64,engines/wasmtime/libengine.so,,benchmarks/meshoptimizer/benchmark.wasm,20608,4,Execution,cycles,123901813
aarch64,engines/wasmtime/libengine.so,,benchmarks/meshoptimizer/benchmark.wasm,20608,5,Compilation,cycles,1475057
aarch64,engines/wasmtime/libengine.so,,benchmarks/meshoptimizer/benchmark.wasm,20608,5,Instantiation,cycles,5877
aarch64,engines/wasmtime/libengine.so,,benchmarks/meshoptimizer/benchmark.wasm,20608,5,Execution,cycles,123882986
aarch64,engines/wasmtime/libengine.so,,benchmarks/meshoptimizer/benchmark.wasm,20608,6,Compilation,cycles,1479739
aarch64,engines/wasmtime/libengine.so,,benchmarks/meshoptimizer/benchmark.wasm,20608,6,Instantiation,cycles,6009
aarch64,engines/wasmtime/libengine.so,,benchmarks/meshoptimizer/benchmark.wasm,20608,6,Execution,cycles,124003568
aarch64,engines/wasmtime/libengine.so,,benchmarks/meshoptimizer/benchmark.wasm,20608,7,Compilation,cycles,1488635
aarch64,engines/wasmtime/libengine.so,,benchmarks/meshoptimizer/benchmark.wasm,20608,7,Instantiation,cycles,6012
aarch64,engines/wasmtime/libengine.so,,benchmarks/meshoptimizer/benchmark.wasm,20608,7,Execution,cycles,123776626
aarch64,engines/wasmtime/libengine.so,,benchmarks/meshoptimizer/benchmark.wasm,20608,8,Compilation,cycles,1455781
aarch64,engines/wasmtime/libengine.so,,benchmarks/meshoptimizer/benchmark.wasm,20608,8,Instantiation,cycles,6057
aarch64,engines/wasmtime/libengine.so,,benchmarks/meshoptimizer/benchmark.wasm,20608,8,Execution,cycles,123896288
aarch64,engines/wasmtime/libengine.so,,benchmarks/meshoptimizer/benchmark.wasm,20608,9,Compilation,cycles,1587666
aarch64,engines/wasmtime/libengine.so,,benchmarks/meshoptimizer/benchmark.wasm,20608,9,Instantiation,cycles,6100
aarch64,engines/wasmtime/libengine.so,,benchmarks/meshoptimizer/benchmark.wasm,20608,9,Execution,cycles,123938912
aarch64,engines/wasmtime/libengine.so,,benchmarks/quicksort/benchmark.wasm,20617,0,Compilation,cycles,1568194
aarch64,engines/wasmtime/libengine.so,,benchmarks/quicksort/benchmark.wasm,20617,0,Instantiation,cycles,5470
aarch64,engines/wasmtime/libengine.so,,benchmarks/quicksort/benchmark.wasm,20617,0,Execution,cycles,1882669
aarch64,engines/wasmtime/libengine.so,,benchmarks/quicksort/benchmark.wasm,20617,1,Compilation,cycles,1015162
aarch64,engines/wasmtime/libengine.so,,benchmarks/quicksort/benchmark.wasm,20617,1,Instantiation,cycles,5045
aarch64,engines/wasmtime/libengine.so,,benchmarks/quicksort/benchmark.wasm,20617,1,Execution,cycles,1877559
aarch64,engines/wasmtime/libengine.so,,benchmarks/quicksort/benchmark.wasm,20617,2,Compilation,cycles,1033498
aarch64,engines/wasmtime/libengine.so,,benchmarks/quicksort/benchmark.wasm,20617,2,Instantiation,cycles,5240
aarch64,engines/wasmtime/libengine.so,,benchmarks/quicksort/benchmark.wasm,20617,2,Execution,cycles,1873483
aarch64,engines/wasmtime/libengine.so,,benchmarks/quicksort/benchmark.wasm,20617,3,Compilation,cycles,1022184
aarch64,engines/wasmtime/libengine.so,,benchmarks/quicksort/benchmark.wasm,20617,3,Instantiation,cycles,5550
aarch64,engines/wasmtime/libengine.so,,benchmarks/quicksort/benchmark.wasm,20617,3,Execution,cycles,1866163
aarch64,engines/wasmtime/libengine.so,,benchmarks/quicksort/benchmark.wasm,20617,4,Compilation,cycles,1026085
aarch64,engines/wasmtime/libengine.so,,benchmarks/quicksort/benchmark.wasm,20617,4,Instantiation,cycles,4914
aarch64,engines/wasmtime/libengine.so,,benchmarks/quicksort/benchmark.wasm,20617,4,Execution,cycles,1873869
aarch64,engines/wasmtime/libengine.so,,benchmarks/quicksort/benchmark.wasm,20617,5,Compilation,cycles,1030137
aarch64,engines/wasmtime/libengine.so,,benchmarks/quicksort/benchmark.wasm,20617,5,Instantiation,cycles,5241
aarch64,engines/wasmtime/libengine.so,,benchmarks/quicksort/benchmark.wasm,20617,5,Execution,cycles,1867090
aarch64,engines/wasmtime/libengine.so,,benchmarks/quicksort/benchmark.wasm,20617,6,Compilation,cycles,1011319
aarch64,engines/wasmtime/libengine.so,,benchmarks/quicksort/benchmark.wasm,20617,6,Instantiation,cycles,5424
aarch64,engines/wasmtime/libengine.so,,benchmarks/quicksort/benchmark.wasm,20617,6,Execution,cycles,1864841
aarch64,engines/wasmtime/libengine.so,,benchmarks/quicksort/benchmark.wasm,20617,7,Compilation,cycles,1019351
aarch64,engines/wasmtime/libengine.so,,benchmarks/quicksort/benchmark.wasm,20617,7,Instantiation,cycles,5033
aarch64,engines/wasmtime/libengine.so,,benchmarks/quicksort/benchmark.wasm,20617,7,Execution,cycles,1863091
aarch64,engines/wasmtime/libengine.so,,benchmarks/quicksort/benchmark.wasm,20617,8,Compilation,cycles,1039959
aarch64,engines/wasmtime/libengine.so,,benchmarks/quicksort/benchmark.wasm,20617,8,Instantiation,cycles,5112
aarch64,engines/wasmtime/libengine.so,,benchmarks/quicksort/benchmark.wasm,20617,8,Execution,cycles,1877967
aarch64,engines/wasmtime/libengine.so,,benchmarks/quicksort/benchmark.wasm,20617,9,Compilation,cycles,1032137
aarch64,engines/wasmtime/libengine.so,,benchmarks/quicksort/benchmark.wasm,20617,9,Instantiation,cycles,5209
aarch64,engines/wasmtime/libengine.so,,benchmarks/quicksort/benchmark.wasm,20617,9,Execution,cycles,1881977
aarch64,engines/wasmtime/libengine.so,,benchmarks/blind-sig/benchmark.wasm,20626,0,Compilation,cycles,8701684
aarch64,engines/wasmtime/libengine.so,,benchmarks/blind-sig/benchmark.wasm,20626,0,Instantiation,cycles,5393
aarch64,engines/wasmtime/libengine.so,,benchmarks/blind-sig/benchmark.wasm,20626,0,Execution,cycles,7535517
aarch64,engines/wasmtime/libengine.so,,benchmarks/blind-sig/benchmark.wasm,20626,1,Compilation,cycles,7722448
aarch64,engines/wasmtime/libengine.so,,benchmarks/blind-sig/benchmark.wasm,20626,1,Instantiation,cycles,7088
aarch64,engines/wasmtime/libengine.so,,benchmarks/blind-sig/benchmark.wasm,20626,1,Execution,cycles,7536310
aarch64,engines/wasmtime/libengine.so,,benchmarks/blind-sig/benchmark.wasm,20626,2,Compilation,cycles,8325497
aarch64,engines/wasmtime/libengine.so,,benchmarks/blind-sig/benchmark.wasm,20626,2,Instantiation,cycles,5220
aarch64,engines/wasmtime/libengine.so,,benchmarks/blind-sig/benchmark.wasm,20626,2,Execution,cycles,7536890
aarch64,engines/wasmtime/libengine.so,,benchmarks/blind-sig/benchmark.wasm,20626,3,Compilation,cycles,8810408
aarch64,engines/wasmtime/libengine.so,,benchmarks/blind-sig/benchmark.wasm,20626,3,Instantiation,cycles,5398
aarch64,engines/wasmtime/libengine.so,,benchmarks/blind-sig/benchmark.wasm,20626,3,Execution,cycles,7547010
aarch64,engines/wasmtime/libengine.so,,benchmarks/blind-sig/benchmark.wasm,20626,4,Compilation,cycles,8165140
aarch64,engines/wasmtime/libengine.so,,benchmarks/blind-sig/benchmark.wasm,20626,4,Instantiation,cycles,5219
aarch64,engines/wasmtime/libengine.so,,benchmarks/blind-sig/benchmark.wasm,20626,4,Execution,cycles,7538295
aarch64,engines/wasmtime/libengine.so,,benchmarks/blind-sig/benchmark.wasm,20626,5,Compilation,cycles,8394244
aarch64,engines/wasmtime/libengine.so,,benchmarks/blind-sig/benchmark.wasm,20626,5,Instantiation,cycles,7080
aarch64,engines/wasmtime/libengine.so,,benchmarks/blind-sig/benchmark.wasm,20626,5,Execution,cycles,7532709
aarch64,engines/wasmtime/libengine.so,,benchmarks/blind-sig/benchmark.wasm,20626,6,Compilation,cycles,8368512
aarch64,engines/wasmtime/libengine.so,,benchmarks/blind-sig/benchmark.wasm,20626,6,Instantiation,cycles,7014
aarch64,engines/wasmtime/libengine.so,,benchmarks/blind-sig/benchmark.wasm,20626,6,Execution,cycles,7534578
aarch64,engines/wasmtime/libengine.so,,benchmarks/blind-sig/benchmark.wasm,20626,7,Compilation,cycles,7742762
aarch64,engines/wasmtime/libengine.so,,benchmarks/blind-sig/benchmark.wasm,20626,7,Instantiation,cycles,5412
aarch64,engines/wasmtime/libengine.so,,benchmarks/blind-sig/benchmark.wasm,20626,7,Execution,cycles,7533284
aarch64,engines/wasmtime/libengine.so,,benchmarks/blind-sig/benchmark.wasm,20626,8,Compilation,cycles,7773630
aarch64,engines/wasmtime/libengine.so,,benchmarks/blind-sig/benchmark.wasm,20626,8,Instantiation,cycles,5506
aarch64,engines/wasmtime/libengine.so,,benchmarks/blind-sig/benchmark.wasm,20626,8,Execution,cycles,7535412
aarch64,engines/wasmtime/libengine.so,,benchmarks/blind-sig/benchmark.wasm,20626,9,Compilation,cycles,8280127
aarch64,engines/wasmtime/libengine.so,,benchmarks/blind-sig/benchmark.wasm,20626,9,Instantiation,cycles,5645
aarch64,engines/wasmtime/libengine.so,,benchmarks/blind-sig/benchmark.wasm,20626,9,Execution,cycles,7534095
aarch64,engines/wasmtime/libengine.so,,benchmarks/bz2/benchmark.wasm,20636,0,Compilation,cycles,4083296
aarch64,engines/wasmtime/libengine.so,,benchmarks/bz2/benchmark.wasm,20636,0,Instantiation,cycles,5244
aarch64,engines/wasmtime/libengine.so,,benchmarks/bz2/benchmark.wasm,20636,0,Execution,cycles,2182636
aarch64,engines/wasmtime/libengine.so,,benchmarks/bz2/benchmark.wasm,20636,1,Compilation,cycles,3140051
aarch64,engines/wasmtime/libengine.so,,benchmarks/bz2/benchmark.wasm,20636,1,Instantiation,cycles,5503
aarch64,engines/wasmtime/libengine.so,,benchmarks/bz2/benchmark.wasm,20636,1,Execution,cycles,2179737
aarch64,engines/wasmtime/libengine.so,,benchmarks/bz2/benchmark.wasm,20636,2,Compilation,cycles,3173138
aarch64,engines/wasmtime/libengine.so,,benchmarks/bz2/benchmark.wasm,20636,2,Instantiation,cycles,5199
aarch64,engines/wasmtime/libengine.so,,benchmarks/bz2/benchmark.wasm,20636,2,Execution,cycles,2180214
aarch64,engines/wasmtime/libengine.so,,benchmarks/bz2/benchmark.wasm,20636,3,Compilation,cycles,3139600
aarch64,engines/wasmtime/libengine.so,,benchmarks/bz2/benchmark.wasm,20636,3,Instantiation,cycles,5435
aarch64,engines/wasmtime/libengine.so,,benchmarks/bz2/benchmark.wasm,20636,3,Execution,cycles,2177761
aarch64,engines/wasmtime/libengine.so,,benchmarks/bz2/benchmark.wasm,20636,4,Compilation,cycles,3148385
aarch64,engines/wasmtime/libengine.so,,benchmarks/bz2/benchmark.wasm,20636,4,Instantiation,cycles,4875
aarch64,engines/wasmtime/libengine.so,,benchmarks/bz2/benchmark.wasm,20636,4,Execution,cycles,2181082
aarch64,engines/wasmtime/libengine.so,,benchmarks/bz2/benchmark.wasm,20636,5,Compilation,cycles,3169321
aarch64,engines/wasmtime/libengine.so,,benchmarks/bz2/benchmark.wasm,20636,5,Instantiation,cycles,5419
aarch64,engines/wasmtime/libengine.so,,benchmarks/bz2/benchmark.wasm,20636,5,Execution,cycles,2180505
aarch64,engines/wasmtime/libengine.so,,benchmarks/bz2/benchmark.wasm,20636,6,Compilation,cycles,3133034
aarch64,engines/wasmtime/libengine.so,,benchmarks/bz2/benchmark.wasm,20636,6,Instantiation,cycles,6296
aarch64,engines/wasmtime/libengine.so,,benchmarks/bz2/benchmark.wasm,20636,6,Execution,cycles,2177824
aarch64,engines/wasmtime/libengine.so,,benchmarks/bz2/benchmark.wasm,20636,7,Compilation,cycles,3176670
aarch64,engines/wasmtime/libengine.so,,benchmarks/bz2/benchmark.wasm,20636,7,Instantiation,cycles,6201
aarch64,engines/wasmtime/libengine.so,,benchmarks/bz2/benchmark.wasm,20636,7,Execution,cycles,2195278
aarch64,engines/wasmtime/libengine.so,,benchmarks/bz2/benchmark.wasm,20636,8,Compilation,cycles,3156105
aarch64,engines/wasmtime/libengine.so,,benchmarks/bz2/benchmark.wasm,20636,8,Instantiation,cycles,6211
aarch64,engines/wasmtime/libengine.so,,benchmarks/bz2/benchmark.wasm,20636,8,Execution,cycles,2185905
aarch64,engines/wasmtime/libengine.so,,benchmarks/bz2/benchmark.wasm,20636,9,Compilation,cycles,3212512
aarch64,engines/wasmtime/libengine.so,,benchmarks/bz2/benchmark.wasm,20636,9,Instantiation,cycles,5162
aarch64,engines/wasmtime/libengine.so,,benchmarks/bz2/benchmark.wasm,20636,9,Execution,cycles,2177318
aarch64,engines/wasmtime/libengine.so,,benchmarks/hashset/benchmark.wasm,20646,0,Compilation,cycles,14441704
aarch64,engines/wasmtime/libengine.so,,benchmarks/hashset/benchmark.wasm,20646,0,Instantiation,cycles,5560
aarch64,engines/wasmtime/libengine.so,,benchmarks/hashset/benchmark.wasm,20646,0,Execution,cycles,2114500
aarch64,engines/wasmtime/libengine.so,,benchmarks/hashset/benchmark.wasm,20646,1,Compilation,cycles,13738951
aarch64,engines/wasmtime/libengine.so,,benchmarks/hashset/benchmark.wasm,20646,1,Instantiation,cycles,5422
aarch64,engines/wasmtime/libengine.so,,benchmarks/hashset/benchmark.wasm,20646,1,Execution,cycles,2123140
aarch64,engines/wasmtime/libengine.so,,benchmarks/hashset/benchmark.wasm,20646,2,Compilation,cycles,13853504
aarch64,engines/wasmtime/libengine.so,,benchmarks/hashset/benchmark.wasm,20646,2,Instantiation,cycles,5534
aarch64,engines/wasmtime/libengine.so,,benchmarks/hashset/benchmark.wasm,20646,2,Execution,cycles,2116532
aarch64,engines/wasmtime/libengine.so,,benchmarks/hashset/benchmark.wasm,20646,3,Compilation,cycles,13626896
aarch64,engines/wasmtime/libengine.so,,benchmarks/hashset/benchmark.wasm,20646,3,Instantiation,cycles,5445
aarch64,engines/wasmtime/libengine.so,,benchmarks/hashset/benchmark.wasm,20646,3,Execution,cycles,2114768
aarch64,engines/wasmtime/libengine.so,,benchmarks/hashset/benchmark.wasm,20646,4,Compilation,cycles,13765095
aarch64,engines/wasmtime/libengine.so,,benchmarks/hashset/benchmark.wasm,20646,4,Instantiation,cycles,5531
aarch64,engines/wasmtime/libengine.so,,benchmarks/hashset/benchmark.wasm,20646,4,Execution,cycles,2109375
aarch64,engines/wasmtime/libengine.so,,benchmarks/hashset/benchmark.wasm,20646,5,Compilation,cycles,13708607
aarch64,engines/wasmtime/libengine.so,,benchmarks/hashset/benchmark.wasm,20646,5,Instantiation,cycles,5733
aarch64,engines/wasmtime/libengine.so,,benchmarks/hashset/benchmark.wasm,20646,5,Execution,cycles,2124062
aarch64,engines/wasmtime/libengine.so,,benchmarks/hashset/benchmark.wasm,20646,6,Compilation,cycles,13675537
aarch64,engines/wasmtime/libengine.so,,benchmarks/hashset/benchmark.wasm,20646,6,Instantiation,cycles,5603
aarch64,engines/wasmtime/libengine.so,,benchmarks/hashset/benchmark.wasm,20646,6,Execution,cycles,2111639
aarch64,engines/wasmtime/libengine.so,,benchmarks/hashset/benchmark.wasm,20646,7,Compilation,cycles,13676633
aarch64,engines/wasmtime/libengine.so,,benchmarks/hashset/benchmark.wasm,20646,7,Instantiation,cycles,5342
aarch64,engines/wasmtime/libengine.so,,benchmarks/hashset/benchmark.wasm,20646,7,Execution,cycles,2117336
aarch64,engines/wasmtime/libengine.so,,benchmarks/hashset/benchmark.wasm,20646,8,Compilation,cycles,13651478
aarch64,engines/wasmtime/libengine.so,,benchmarks/hashset/benchmark.wasm,20646,8,Instantiation,cycles,5796
aarch64,engines/wasmtime/libengine.so,,benchmarks/hashset/benchmark.wasm,20646,8,Execution,cycles,2110986
aarch64,engines/wasmtime/libengine.so,,benchmarks/hashset/benchmark.wasm,20646,9,Compilation,cycles,13691953
aarch64,engines/wasmtime/libengine.so,,benchmarks/hashset/benchmark.wasm,20646,9,Instantiation,cycles,5536
aarch64,engines/wasmtime/libengine.so,,benchmarks/hashset/benchmark.wasm,20646,9,Execution,cycles,2110343
aarch64,engines/wasmtime/libengine.so,,benchmarks/bz2/benchmark.wasm,20655,0,Compilation,cycles,3538621
aarch64,engines/wasmtime/libengine.so,,benchmarks/bz2/benchmark.wasm,20655,0,Instantiation,cycles,5908
aarch64,engines/wasmtime/libengine.so,,benchmarks/bz2/benchmark.wasm,20655,0,Execution,cycles,2172765
aarch64,engines/wasmtime/libengine.so,,benchmarks/bz2/benchmark.wasm,20655,1,Compilation,cycles,3201081
aarch64,engines/wasmtime/libengine.so,,benchmarks/bz2/benchmark.wasm,20655,1,Instantiation,cycles,4913
aarch64,engines/wasmtime/libengine.so,,benchmarks/bz2/benchmark.wasm,20655,1,Execution,cycles,2179919
aarch64,engines/wasmtime/libengine.so,,benchmarks/bz2/benchmark.wasm,20655,2,Compilation,cycles,3183128
aarch64,engines/wasmtime/libengine.so,,benchmarks/bz2/benchmark.wasm,20655,2,Instantiation,cycles,5126
aarch64,engines/wasmtime/libengine.so,,benchmarks/bz2/benchmark.wasm,20655,2,Execution,cycles,2181949
aarch64,engines/wasmtime/libengine.so,,benchmarks/bz2/benchmark.wasm,20655,3,Compilation,cycles,3175407
aarch64,engines/wasmtime/libengine.so,,benchmarks/bz2/benchmark.wasm,20655,3,Instantiation,cycles,5303
aarch64,engines/wasmtime/libengine.so,,benchmarks/bz2/benchmark.wasm,20655,3,Execution,cycles,2182464
aarch64,engines/wasmtime/libengine.so,,benchmarks/bz2/benchmark.wasm,20655,4,Compilation,cycles,3180484
aarch64,engines/wasmtime/libengine.so,,benchmarks/bz2/benchmark.wasm,20655,4,Instantiation,cycles,5247
aarch64,engines/wasmtime/libengine.so,,benchmarks/bz2/benchmark.wasm,20655,4,Execution,cycles,2183156
aarch64,engines/wasmtime/libengine.so,,benchmarks/bz2/benchmark.wasm,20655,5,Compilation,cycles,3179307
aarch64,engines/wasmtime/libengine.so,,benchmarks/bz2/benchmark.wasm,20655,5,Instantiation,cycles,5132
aarch64,engines/wasmtime/libengine.so,,benchmarks/bz2/benchmark.wasm,20655,5,Execution,cycles,2178528
aarch64,engines/wasmtime/libengine.so,,benchmarks/bz2/benchmark.wasm,20655,6,Compilation,cycles,3199269
aarch64,engines/wasmtime/libengine.so,,benchmarks/bz2/benchmark.wasm,20655,6,Instantiation,cycles,5457
aarch64,engines/wasmtime/libengine.so,,benchmarks/bz2/benchmark.wasm,20655,6,Execution,cycles,2186857
aarch64,engines/wasmtime/libengine.so,,benchmarks/bz2/benchmark.wasm,20655,7,Compilation,cycles,3215284
aarch64,engines/wasmtime/libengine.so,,benchmarks/bz2/benchmark.wasm,20655,7,Instantiation,cycles,6226
aarch64,engines/wasmtime/libengine.so,,benchmarks/bz2/benchmark.wasm,20655,7,Execution,cycles,2189446
aarch64,engines/wasmtime/libengine.so,,benchmarks/bz2/benchmark.wasm,20655,8,Compilation,cycles,3198593
aarch64,engines/wasmtime/libengine.so,,benchmarks/bz2/benchmark.wasm,20655,8,Instantiation,cycles,6070
aarch64,engines/wasmtime/libengine.so,,benchmarks/bz2/benchmark.wasm,20655,8,Execution,cycles,2182852
aarch64,engines/wasmtime/libengine.so,,benchmarks/bz2/benchmark.wasm,20655,9,Compilation,cycles,3209639
aarch64,engines/wasmtime/libengine.so,,benchmarks/bz2/benchmark.wasm,20655,9,Instantiation,cycles,5900
aarch64,engines/wasmtime/libengine.so,,benchmarks/bz2/benchmark.wasm,20655,9,Execution,cycles,2191837
aarch64,engines/wasmtime/libengine.so,,benchmarks/meshoptimizer/benchmark.wasm,20665,0,Compilation,cycles,2070628
aarch64,engines/wasmtime/libengine.so,,benchmarks/meshoptimizer/benchmark.wasm,20665,0,Instantiation,cycles,5271
aarch64,engines/wasmtime/libengine.so,,benchmarks/meshoptimizer/benchmark.wasm,20665,0,Execution,cycles,123829426
aarch64,engines/wasmtime/libengine.so,,benchmarks/meshoptimizer/benchmark.wasm,20665,1,Compilation,cycles,1457610
aarch64,engines/wasmtime/libengine.so,,benchmarks/meshoptimizer/benchmark.wasm,20665,1,Instantiation,cycles,5830
aarch64,engines/wasmtime/libengine.so,,benchmarks/meshoptimizer/benchmark.wasm,20665,1,Execution,cycles,123909391
aarch64,engines/wasmtime/libengine.so,,benchmarks/meshoptimizer/benchmark.wasm,20665,2,Compilation,cycles,1447370
aarch64,engines/wasmtime/libengine.so,,benchmarks/meshoptimizer/benchmark.wasm,20665,2,Instantiation,cycles,6023
aarch64,engines/wasmtime/libengine.so,,benchmarks/meshoptimizer/benchmark.wasm,20665,2,Execution,cycles,123793163
aarch64,engines/wasmtime/libengine.so,,benchmarks/meshoptimizer/benchmark.wasm,20665,3,Compilation,cycles,1444298
aarch64,engines/wasmtime/libengine.so,,benchmarks/meshoptimizer/benchmark.wasm,20665,3,Instantiation,cycles,5715
aarch64,engines/wasmtime/libengine.so,,benchmarks/meshoptimizer/benchmark.wasm,20665,3,Execution,cycles,123825778
aarch64,engines/wasmtime/libengine.so,,benchmarks/meshoptimizer/benchmark.wasm,20665,4,Compilation,cycles,1428418
aarch64,engines/wasmtime/libengine.so,,benchmarks/meshoptimizer/benchmark.wasm,20665,4,Instantiation,cycles,5415
aarch64,engines/wasmtime/libengine.so,,benchmarks/meshoptimizer/benchmark.wasm,20665,4,Execution,cycles,123884414
aarch64,engines/wasmtime/libengine.so,,benchmarks/meshoptimizer/benchmark.wasm,20665,5,Compilation,cycles,1447595
aarch64,engines/wasmtime/libengine.so,,benchmarks/meshoptimizer/benchmark.wasm,20665,5,Instantiation,cycles,5243
aarch64,engines/wasmtime/libengine.so,,benchmarks/meshoptimizer/benchmark.wasm,20665,5,Execution,cycles,123878217
aarch64,engines/wasmtime/libengine.so,,benchmarks/meshoptimizer/benchmark.wasm,20665,6,Compilation,cycles,1454546
aarch64,engines/wasmtime/libengine.so,,benchmarks/meshoptimizer/benchmark.wasm,20665,6,Instantiation,cycles,5911
aarch64,engines/wasmtime/libengine.so,,benchmarks/meshoptimizer/benchmark.wasm,20665,6,Execution,cycles,123730692
aarch64,engines/wasmtime/libengine.so,,benchmarks/meshoptimizer/benchmark.wasm,20665,7,Compilation,cycles,1459205
aarch64,engines/wasmtime/libengine.so,,benchmarks/meshoptimizer/benchmark.wasm,20665,7,Instantiation,cycles,5686
aarch64,engines/wasmtime/libengine.so,,benchmarks/meshoptimizer/benchmark.wasm,20665,7,Execution,cycles,123826602
aarch64,engines/wasmtime/libengine.so,,benchmarks/meshoptimizer/benchmark.wasm,20665,8,Compilation,cycles,1440118
aarch64,engines/wasmtime/libengine.so,,benchmarks/meshoptimizer/benchmark.wasm,20665,8,Instantiation,cycles,5469
aarch64,engines/wasmtime/libengine.so,,benchmarks/meshoptimizer/benchmark.wasm,20665,8,Execution,cycles,123732157
aarch64,engines/wasmtime/libengine.so,,benchmarks/meshoptimizer/benchmark.wasm,20665,9,Compilation,cycles,1432609
aarch64,engines/wasmtime/libengine.so,,benchmarks/meshoptimizer/benchmark.wasm,20665,9,Instantiation,cycles,5934
aarch64,engines/wasmtime/libengine.so,,benchmarks/meshoptimizer/benchmark.wasm,20665,9,Execution,cycles,123835568
aarch64,engines/wasmtime/libengine.so,,benchmarks/bz2/benchmark.wasm,20675,0,Compilation,cycles,4023066
aarch64,engines/wasmtime/libengine.so,,benchmarks/bz2/benchmark.wasm,20675,0,Instantiation,cycles,5984
aarch64,engines/wasmtime/libengine.so,,benchmarks/bz2/benchmark.wasm,20675,0,Execution,cycles,2174655
aarch64,engines/wasmtime/libengine.so,,benchmarks/bz2/benchmark.wasm,20675,1,Compilation,cycles,3174967
aarch64,engines/wasmtime/libengine.so,,benchmarks/bz2/benchmark.wasm,20675,1,Instantiation,cycles,5161
aarch64,engines/wasmtime/libengine.so,,benchmarks/bz2/benchmark.wasm,20675,1,Execution,cycles,2176014
aarch64,engines/wasmtime/libengine.so,,benchmarks/bz2/benchmark.wasm,20675,2,Compilation,cycles,3140309
aarch64,engines/wasmtime/libengine.so,,benchmarks/bz2/benchmark.wasm,20675,2,Instantiation,cycles,5724
aarch64,engines/wasmtime/libengine.so,,benchmarks/bz2/benchmark.wasm,20675,2,Execution,cycles,2180930
aarch64,engines/wasmtime/libengine.so,,benchmarks/bz2/benchmark.wasm,20675,3,Compilation,cycles,3186626
aarch64,engines/wasmtime/libengine.so,,benchmarks/bz2/benchmark.wasm,20675,3,Instantiation,cycles,5539
aarch64,engines/wasmtime/libengine.so,,benchmarks/bz2/benchmark.wasm,20675,3,Execution,cycles,2178392
aarch64,engines/wasmtime/libengine.so,,benchmarks/bz2/benchmark.wasm,20675,4,Compilation,cycles,3186724
aarch64,engines/wasmtime/libengine.so,,benchmarks/bz2/benchmark.wasm,20675,4,Instantiation,cycles,5341
aarch64,engines/wasmtime/libengine.so,,benchmarks/bz2/benchmark.wasm,20675,4,Execution,cycles,2190558
aarch64,engines/wasmtime/libengine.so,,benchmarks/bz2/benchmark.wasm,20675,5,Compilation,cycles,3174097
aarch64,engines/wasmtime/libengine.so,,benchmarks/bz2/benchmark.wasm,20675,5,Instantiation,cycles,5207
aarch64,engines/wasmtime/libengine.so,,benchmarks/bz2/benchmark.wasm,20675,5,Execution,cycles,2177842
aarch64,engines/wasmtime/libengine.so,,benchmarks/bz2/benchmark.wasm,20675,6,Compilation,cycles,3155119
aarch64,engines/wasmtime/libengine.so,,benchmarks/bz2/benchmark.wasm,20675,6,Instantiation,cycles,5446
aarch64,engines/wasmtime/libengine.so,,benchmarks/bz2/benchmark.wasm,20675,6,Execution,cycles,2177349
aarch64,engines/wasmtime/libengine.so,,benchmarks/bz2/benchmark.wasm,20675,7,Compilation,cycles,3208733
aarch64,engines/wasmtime/libengine.so,,benchmarks/bz2/benchmark.wasm,20675,7,Instantiation,cycles,5307
aarch64,engines/wasmtime/libengine.so,,benchmarks/bz2/benchmark.wasm,20675,7,Execution,cycles,2183592
aarch64,engines/wasmtime/libengine.so,,benchmarks/bz2/benchmark.wasm,20675,8,Compilation,cycles,3191626
aarch64,engines/wasmtime/libengine.so,,benchmarks/bz2/benchmark.wasm,20675,8,Instantiation,cycles,5438
aarch64,engines/wasmtime/libengine.so,,benchmarks/bz2/benchmark.wasm,20675,8,Execution,cycles,2181008
aarch64,engines/wasmtime/libengine.so,,benchmarks/bz2/benchmark.wasm,20675,9,Compilation,cycles,3147735
aarch64,engines/wasmtime/libengine.so,,benchmarks/bz2/benchmark.wasm,20675,9,Instantiation,cycles,4989
aarch64,engines/wasmtime/libengine.so,,benchmarks/bz2/benchmark.wasm,20675,9,Execution,cycles,2184165
aarch64,engines/wasmtime/libengine.so,,benchmarks/bz2/benchmark.wasm,20685,0,Compilation,cycles,3994127
aarch64,engines/wasmtime/libengine.so,,benchmarks/bz2/benchmark.wasm,20685,0,Instantiation,cycles,5691
aarch64,engines/wasmtime/libengine.so,,benchmarks/bz2/benchmark.wasm,20685,0,Execution,cycles,2176886
aarch64,engines/wasmtime/libengine.so,,benchmarks/bz2/benchmark.wasm,20685,1,Compilation,cycles,3192653
aarch64,engines/wasmtime/libengine.so,,benchmarks/bz2/benchmark.wasm,20685,1,Instantiation,cycles,5046
aarch64,engines/wasmtime/libengine.so,,benchmarks/bz2/benchmark.wasm,20685,1,Execution,cycles,2182991
aarch64,engines/wasmtime/libengine.so,,benchmarks/bz2/benchmark.wasm,20685,2,Compilation,cycles,3212321
aarch64,engines/wasmtime/libengine.so,,benchmarks/bz2/benchmark.wasm,20685,2,Instantiation,cycles,5657
aarch64,engines/wasmtime/libengine.so,,benchmarks/bz2/benchmark.wasm,20685,2,Execution,cycles,2179339
aarch64,engines/wasmtime/libengine.so,,benchmarks/bz2/benchmark.wasm,20685,3,Compilation,cycles,3204084
aarch64,engines/wasmtime/libengine.so,,benchmarks/bz2/benchmark.wasm,20685,3,Instantiation,cycles,5420
aarch64,engines/wasmtime/libengine.so,,benchmarks/bz2/benchmark.wasm,20685,3,Execution,cycles,2187424
aarch64,engines/wasmtime/libengine.so,,benchmarks/bz2/benchmark.wasm,20685,4,Compilation,cycles,3208910
aarch64,engines/wasmtime/libengine.so,,benchmarks/bz2/benchmark.wasm,20685,4,Instantiation,cycles,4782
aarch64,engines/wasmtime/libengine.so,,benchmarks/bz2/benchmark.wasm,20685,4,Execution,cycles,2183766
aarch64,engines/wasmtime/libengine.so,,benchmarks/bz2/benchmark.wasm,20685,5,Compilation,cycles,3201247
aarch64,engines/wasmtime/libengine.so,,benchmarks/bz2/benchmark.wasm,20685,5,Instantiation,cycles,5437
aarch64,engines/wasmtime/libengine.so,,benchmarks/bz2/benchmark.wasm,20685,5,Execution,cycles,2176991
aarch64,engines/wasmtime/libengine.so,,benchmarks/bz2/benchmark.wasm,20685,6,Compilation,cycles,3197778
aarch64,engines/wasmtime/libengine.so,,benchmarks/bz2/benchmark.wasm,20685,6,Instantiation,cycles,5403
aarch64,engines/wasmtime/libengine.so,,benchmarks/bz2/benchmark.wasm,20685,6,Execution,cycles,2189077
aarch64,engines/wasmtime/libengine.so,,benchmarks/bz2/benchmark.wasm,20685,7,Compilation,cycles,3181837
aarch64,engines/wasmtime/libengine.so,,benchmarks/bz2/benchmark.wasm,20685,7,Instantiation,cycles,5433
aarch64,engines/wasmtime/libengine.so,,benchmarks/bz2/benchmark.wasm,20685,7,Execution,cycles,2184498
aarch64,engines/wasmtime/libengine.so,,benchmarks/bz2/benchmark.wasm,20685,8,Compilation,cycles,3209508
aarch64,engines/wasmtime/libengine.so,,benchmarks/bz2/benchmark.wasm,20685,8,Instantiation,cycles,5307
aarch64,engines/wasmtime/libengine.so,,benchmarks/bz2/benchmark.wasm,20685,8,Execution,cycles,2180565
aarch64,engines/wasmtime/libengine.so,,benchmarks/bz2/benchmark.wasm,20685,9,Compilation,cycles,3160674
aarch64,engines/wasmtime/libengine.so,,benchmarks/bz2/benchmark.wasm,20685,9,Instantiation,cycles,5279
aarch64,engines/wasmtime/libengine.so,,benchmarks/bz2/benchmark.wasm,20685,9,Execution,cycles,2186500
aarch64,engines/wasmtime/libengine.so,,benchmarks/meshoptimizer/benchmark.wasm,20695,0,Compilation,cycles,1816590
aarch64,engines/wasmtime/libengine.so,,benchmarks/meshoptimizer/benchmark.wasm,20695,0,Instantiation,cycles,4950
aarch64,engines/wasmtime/libengine.so,,benchmarks/meshoptimizer/benchmark.wasm,20695,0,Execution,cycles,123874645
aarch64,engines/wasmtime/libengine.so,,benchmarks/meshoptimizer/benchmark.wasm,20695,1,Compilation,cycles,1440632
aarch64,engines/wasmtime/libengine.so,,benchmarks/meshoptimizer/benchmark.wasm,20695,1,Instantiation,cycles,5961
aarch64,engines/wasmtime/libengine.so,,benchmarks/meshoptimizer/benchmark.wasm,20695,1,Execution,cycles,123866320
aarch64,engines/wasmtime/libengine.so,,benchmarks/meshoptimizer/benchmark.wasm,20695,2,Compilation,cycles,1465201
aarch64,engines/wasmtime/libengine.so,,benchmarks/meshoptimizer/benchmark.wasm,20695,2,Instantiation,cycles,5575
aarch64,engines/wasmtime/libengine.so,,benchmarks/meshoptimizer/benchmark.wasm,20695,2,Execution,cycles,123815571
aarch64,engines/wasmtime/libengine.so,,benchmarks/meshoptimizer/benchmark.wasm,20695,3,Compilation,cycles,1431056
aarch64,engines/wasmtime/libengine.so,,benchmarks/meshoptimizer/benchmark.wasm,20695,3,Instantiation,cycles,5958
aarch64,engines/wasmtime/libengine.so,,benchmarks/meshoptimizer/benchmark.wasm,20695,3,Execution,cycles,123850428
aarch64,engines/wasmtime/libengine.so,,benchmarks/meshoptimizer/benchmark.wasm,20695,4,Compilation,cycles,1443630
aarch64,engines/wasmtime/libengine.so,,benchmarks/meshoptimizer/benchmark.wasm,20695,4,Instantiation,cycles,5877
aarch64,engines/wasmtime/libengine.so,,benchmarks/meshoptimizer/benchmark.wasm,20695,4,Execution,cycles,123872074
aarch64,engines/wasmtime/libengine.so,,benchmarks/meshoptimizer/benchmark.wasm,20695,5,Compilation,cycles,1444275
aarch64,engines/wasmtime/libengine.so,,benchmarks/meshoptimizer/benchmark.wasm,20695,5,Instantiation,cycles,5940
aarch64,engines/wasmtime/libengine.so,,benchmarks/meshoptimizer/benchmark.wasm,20695,5,Execution,cycles,123842986
aarch64,engines/wasmtime/libengine.so,,benchmarks/meshoptimizer/benchmark.wasm,20695,6,Compilation,cycles,1427203
aarch64,engines/wasmtime/libengine.so,,benchmarks/meshoptimizer/benchmark.wasm,20695,6,Instantiation,cycles,5747
aarch64,engines/wasmtime/libengine.so,,benchmarks/meshoptimizer/benchmark.wasm,20695,6,Execution,cycles,123888338
aarch64,engines/wasmtime/libengine.so,,benchmarks/meshoptimizer/benchmark.wasm,20695,7,Compilation,cycles,1291899
aarch64,engines/wasmtime/libengine.so,,benchmarks/meshoptimizer/benchmark.wasm,20695,7,Instantiation,cycles,6060
aarch64,engines/wasmtime/libengine.so,,benchmarks/meshoptimizer/benchmark.wasm,20695,7,Execution,cycles,123859418
aarch64,engines/wasmtime/libengine.so,,benchmarks/meshoptimizer/benchmark.wasm,20695,8,Compilation,cycles,1480067
aarch64,engines/wasmtime/libengine.so,,benchmarks/meshoptimizer/benchmark.wasm,20695,8,Instantiation,cycles,6079
aarch64,engines/wasmtime/libengine.so,,benchmarks/meshoptimizer/benchmark.wasm,20695,8,Execution,cycles,123890571
aarch64,engines/wasmtime/libengine.so,,benchmarks/meshoptimizer/benchmark.wasm,20695,9,Compilation,cycles,1381558
aarch64,engines/wasmtime/libengine.so,,benchmarks/meshoptimizer/benchmark.wasm,20695,9,Instantiation,cycles,6052
aarch64,engines/wasmtime/libengine.so,,benchmarks/meshoptimizer/benchmark.wasm,20695,9,Execution,cycles,123956254
aarch64,engines/wasmtime/libengine.so,,benchmarks/bz2/benchmark.wasm,20704,0,Compilation,cycles,4200527
aarch64,engines/wasmtime/libengine.so,,benchmarks/bz2/benchmark.wasm,20704,0,Instantiation,cycles,5504
aarch64,engines/wasmtime/libengine.so,,benchmarks/bz2/benchmark.wasm,20704,0,Execution,cycles,2187699
aarch64,engines/wasmtime/libengine.so,,benchmarks/bz2/benchmark.wasm,20704,1,Compilation,cycles,3173437
aarch64,engines/wasmtime/libengine.so,,benchmarks/bz2/benchmark.wasm,20704,1,Instantiation,cycles,5278
aarch64,engines/wasmtime/libengine.so,,benchmarks/bz2/benchmark.wasm,20704,1,Execution,cycles,2176551
aarch64,engines/wasmtime/libengine.so,,benchmarks/bz2/benchmark.wasm,20704,2,Compilation,cycles,3144777
aarch64,engines/wasmtime/libengine.so,,benchmarks/bz2/benchmark.wasm,20704,2,Instantiation,cycles,5488
aarch64,engines/wasmtime/libengine.so,,benchmarks/bz2/benchmark.wasm,20704,2,Execution,cycles,2189656
aarch64,engines/wasmtime/libengine.so,,benchmarks/bz2/benchmark.wasm,20704,3,Compilation,cycles,3164867
aarch64,engines/wasmtime/libengine.so,,benchmarks/bz2/benchmark.wasm,20704,3,Instantiation,cycles,5474
aarch64,engines/wasmtime/libengine.so,,benchmarks/bz2/benchmark.wasm,20704,3,Execution,cycles,2187037
aarch64,engines/wasmtime/libengine.so,,benchmarks/bz2/benchmark.wasm,20704,4,Compilation,cycles,3225300
aarch64,engines/wasmtime/libengine.so,,benchmarks/bz2/benchmark.wasm,20704,4,Instantiation,cycles,4909
aarch64,engines/wasmtime/libengine.so,,benchmarks/bz2/benchmark.wasm,20704,4,Execution,cycles,2173629
aarch64,engines/wasmtime/libengine.so,,benchmarks/bz2/benchmark.wasm,20704,5,Compilation,cycles,3145318
aarch64,engines/wasmtime/libengine.so,,benchmarks/bz2/benchmark.wasm,20704,5,Instantiation,cycles,5218
aarch64,engines/wasmtime/libengine.so,,benchmarks/bz2/benchmark.wasm,20704,5,Execution,cycles,2187328
aarch64,engines/wasmtime/libengine.so,,benchmarks/bz2/benchmark.wasm,20704,6,Compilation,cycles,3183819
aarch64,engines/wasmtime/libengine.so,,benchmarks/bz2/benchmark.wasm,20704,6,Instantiation,cycles,5571
aarch64,engines/wasmtime/libengine.so,,benchmarks/bz2/benchmark.wasm,20704,6,Execution,cycles,2186521
aarch64,engines/wasmtime/libengine.so,,benchmarks/bz2/benchmark.wasm,20704,7,Compilation,cycles,3192347
aarch64,engines/wasmtime/libengine.so,,benchmarks/bz2/benchmark.wasm,20704,7,Instantiation,cycles,5102
aarch64,engines/wasmtime/libengine.so,,benchmarks/bz2/benchmark.wasm,20704,7,Execution,cycles,2180804
aarch64,engines/wasmtime/libengine.so,,benchmarks/bz2/benchmark.wasm,20704,8,Compilation,cycles,3183473
aarch64,engines/wasmtime/libengine.so,,benchmarks/bz2/benchmark.wasm,20704,8,Instantiation,cycles,5116
aarch64,engines/wasmtime/libengine.so,,benchmarks/bz2/benchmark.wasm,20704,8,Execution,cycles,2183889
aarch64,engines/wasmtime/libengine.so,,benchmarks/bz2/benchmark.wasm,20704,9,Compilation,cycles,3184524
aarch64,engines/wasmtime/libengine.so,,benchmarks/bz2/benchmark.wasm,20704,9,Instantiation,cycles,4923
aarch64,engines/wasmtime/libengine.so,,benchmarks/bz2/benchmark.wasm,20704,9,Execution,cycles,2179389
aarch64,engines/wasmtime/libengine.so,,benchmarks/bz2/benchmark.wasm,20714,0,Compilation,cycles,3932039
aarch64,engines/wasmtime/libengine.so,,benchmarks/bz2/benchmark.wasm,20714,0,Instantiation,cycles,5724
aarch64,engines/wasmtime/libengine.so,,benchmarks/bz2/benchmark.wasm,20714,0,Execution,cycles,2181081
aarch64,engines/wasmtime/libengine.so,,benchmarks/bz2/benchmark.wasm,20714,1,Compilation,cycles,3186650
aarch64,engines/wasmtime/libengine.so,,benchmarks/bz2/benchmark.wasm,20714,1,Instantiation,cycles,5085
aarch64,engines/wasmtime/libengine.so,,benchmarks/bz2/benchmark.wasm,20714,1,Execution,cycles,2179945
aarch64,engines/wasmtime/libengine.so,,benchmarks/bz2/benchmark.wasm,20714,2,Compilation,cycles,3195562
aarch64,engines/wasmtime/libengine.so,,benchmarks/bz2/benchmark.wasm,20714,2,Instantiation,cycles,5395
aarch64,engines/wasmtime/libengine.so,,benchmarks/bz2/benchmark.wasm,20714,2,Execution,cycles,2182113
aarch64,engines/wasmtime/libengine.so,,benchmarks/bz2/benchmark.wasm,20714,3,Compilation,cycles,3145794
aarch64,engines/wasmtime/libengine.so,,benchmarks/bz2/benchmark.wasm,20714,3,Instantiation,cycles,5327
aarch64,engines/wasmtime/libengine.so,,benchmarks/bz2/benchmark.wasm,20714,3,Execution,cycles,2180516
aarch64,engines/wasmtime/libengine.so,,benchmarks/bz2/benchmark.wasm,20714,4,Compilation,cycles,3153693
aarch64,engines/wasmtime/libengine.so,,benchmarks/bz2/benchmark.wasm,20714,4,Instantiation,cycles,5477
aarch64,engines/wasmtime/libengine.so,,benchmarks/bz2/benchmark.wasm,20714,4,Execution,cycles,2178782
aarch64,engines/wasmtime/libengine.so,,benchmarks/bz2/benchmark.wasm,20714,5,Compilation,cycles,3178920
aarch64,engines/wasmtime/libengine.so,,benchmarks/bz2/benchmark.wasm,20714,5,Instantiation,cycles,5286
aarch64,engines/wasmtime/libengine.so,,benchmarks/bz2/benchmark.wasm,20714,5,Execution,cycles,2175860
aarch64,engines/wasmtime/libengine.so,,benchmarks/bz2/benchmark.wasm,20714,6,Compilation,cycles,3205552
aarch64,engines/wasmtime/libengine.so,,benchmarks/bz2/benchmark.wasm,20714,6,Instantiation,cycles,5499
aarch64,engines/wasmtime/libengine.so,,benchmarks/bz2/benchmark.wasm,20714,6,Execution,cycles,2174336
aarch64,engines/wasmtime/libengine.so,,benchmarks/bz2/benchmark.wasm,20714,7,Compilation,cycles,3151250
aarch64,engines/wasmtime/libengine.so,,benchmarks/bz2/benchmark.wasm,20714,7,Instantiation,cycles,6046
aarch64,engines/wasmtime/libengine.so,,benchmarks/bz2/benchmark.wasm,20714,7,Execution,cycles,2185266
aarch64,engines/wasmtime/libengine.so,,benchmarks/bz2/benchmark.wasm,20714,8,Compilation,cycles,3187692
aarch64,engines/wasmtime/libengine.so,,benchmarks/bz2/benchmark.wasm,20714,8,Instantiation,cycles,5904
aarch64,engines/wasmtime/libengine.so,,benchmarks/bz2/benchmark.wasm,20714,8,Execution,cycles,2179409
aarch64,engines/wasmtime/libengine.so,,benchmarks/bz2/benchmark.wasm,20714,9,Compilation,cycles,3146334
aarch64,engines/wasmtime/libengine.so,,benchmarks/bz2/benchmark.wasm,20714,9,Instantiation,cycles,5143
aarch64,engines/wasmtime/libengine.so,,benchmarks/bz2/benchmark.wasm,20714,9,Execution,cycles,2185281
aarch64,engines/wasmtime/libengine.so,,benchmarks/blind-sig/benchmark.wasm,20724,0,Compilation,cycles,8537805
aarch64,engines/wasmtime/libengine.so,,benchmarks/blind-sig/benchmark.wasm,20724,0,Instantiation,cycles,5706
aarch64,engines/wasmtime/libengine.so,,benchmarks/blind-sig/benchmark.wasm,20724,0,Execution,cycles,7541755
aarch64,engines/wasmtime/libengine.so,,benchmarks/blind-sig/benchmark.wasm,20724,1,Compilation,cycles,8723181
aarch64,engines/wasmtime/libengine.so,,benchmarks/blind-sig/benchmark.wasm,20724,1,Instantiation,cycles,7872
aarch64,engines/wasmtime/libengine.so,,benchmarks/blind-sig/benchmark.wasm,20724,1,Execution,cycles,7536014
aarch64,engines/wasmtime/libengine.so,,benchmarks/blind-sig/benchmark.wasm,20724,2,Compilation,cycles,8697253
aarch64,engines/wasmtime/libengine.so,,benchmarks/blind-sig/benchmark.wasm,20724,2,Instantiation,cycles,6962
aarch64,engines/wasmtime/libengine.so,,benchmarks/blind-sig/benchmark.wasm,20724,2,Execution,cycles,7543150
aarch64,engines/wasmtime/libengine.so,,benchmarks/blind-sig/benchmark.wasm,20724,3,Compilation,cycles,7973475
aarch64,engines/wasmtime/libengine.so,,benchmarks/blind-sig/benchmark.wasm,20724,3,Instantiation,cycles,7171
aarch64,engines/wasmtime/libengine.so,,benchmarks/blind-sig/benchmark.wasm,20724,3,Execution,cycles,7531834
aarch64,engines/wasmtime/libengine.so,,benchmarks/blind-sig/benchmark.wasm,20724,4,Compilation,cycles,8400875
aarch64,engines/wasmtime/libengine.so,,benchmarks/blind-sig/benchmark.wasm,20724,4,Instantiation,cycles,5530
aarch64,engines/wasmtime/libengine.so,,benchmarks/blind-sig/benchmark.wasm,20724,4,Execution,cycles,7534030
aarch64,engines/wasmtime/libengine.so,,benchmarks/blind-sig/benchmark.wasm,20724,5,Compilation,cycles,7806778
aarch64,engines/wasmtime/libengine.so,,benchmarks/blind-sig/benchmark.wasm,20724,5,Instantiation,cycles,7571
aarch64,engines/wasmtime/libengine.so,,benchmarks/blind-sig/benchmark.wasm,20724,5,Execution,cycles,7533386
aarch64,engines/wasmtime/libengine.so,,benchmarks/blind-sig/benchmark.wasm,20724,6,Compilation,cycles,7834844
aarch64,engines/wasmtime/libengine.so,,benchmarks/blind-sig/benchmark.wasm,20724,6,Instantiation,cycles,5899
aarch64,engines/wasmtime/libengine.so,,benchmarks/blind-sig/benchmark.wasm,20724,6,Execution,cycles,7546592
aarch64,engines/wasmtime/libengine.so,,benchmarks/blind-sig/benchmark.wasm,20724,7,Compilation,cycles,8266919
aarch64,engines/wasmtime/libengine.so,,benchmarks/blind-sig/benchmark.wasm,20724,7,Instantiation,cycles,7540
aarch64,engines/wasmtime/libengine.so,,benchmarks/blind-sig/benchmark.wasm,20724,7,Execution,cycles,7539638
aarch64,engines/wasmtime/libengine.so,,benchmarks/blind-sig/benchmark.wasm,20724,8,Compilation,cycles,8272069
aarch64,engines/wasmtime/libengine.so,,benchmarks/blind-sig/benchmark.wasm,20724,8,Instantiation,cycles,5349
aarch64,engines/wasmtime/libengine.so,,benchmarks/blind-sig/benchmark.wasm,20724,8,Execution,cycles,7538075
aarch64,engines/wasmtime/libengine.so,,benchmarks/blind-sig/benchmark.wasm,20724,9,Compilation,cycles,7963765
aarch64,engines/wasmtime/libengine.so,,benchmarks/blind-sig/benchmark.wasm,20724,9,Instantiation,cycles,6025
aarch64,engines/wasmtime/libengine.so,,benchmarks/blind-sig/benchmark.wasm,20724,9,Execution,cycles,7535471
aarch64,engines/wasmtime/libengine.so,,benchmarks/meshoptimizer/benchmark.wasm,20735,0,Compilation,cycles,3023850
aarch64,engines/wasmtime/libengine.so,,benchmarks/meshoptimizer/benchmark.wasm,20735,0,Instantiation,cycles,4970
aarch64,engines/wasmtime/libengine.so,,benchmarks/meshoptimizer/benchmark.wasm,20735,0,Execution,cycles,123879981
aarch64,engines/wasmtime/libengine.so,,benchmarks/meshoptimizer/benchmark.wasm,20735,1,Compilation,cycles,1461908
aarch64,engines/wasmtime/libengine.so,,benchmarks/meshoptimizer/benchmark.wasm,20735,1,Instantiation,cycles,5537
aarch64,engines/wasmtime/libengine.so,,benchmarks/meshoptimizer/benchmark.wasm,20735,1,Execution,cycles,123936571
aarch64,engines/wasmtime/libengine.so,,benchmarks/meshoptimizer/benchmark.wasm,20735,2,Compilation,cycles,1469614
aarch64,engines/wasmtime/libengine.so,,benchmarks/meshoptimizer/benchmark.wasm,20735,2,Instantiation,cycles,6008
aarch64,engines/wasmtime/libengine.so,,benchmarks/meshoptimizer/benchmark.wasm,20735,2,Execution,cycles,123891734
aarch64,engines/wasmtime/libengine.so,,benchmarks/meshoptimizer/benchmark.wasm,20735,3,Compilation,cycles,1471402
aarch64,engines/wasmtime/libengine.so,,benchmarks/meshoptimizer/benchmark.wasm,20735,3,Instantiation,cycles,5902
aarch64,engines/wasmtime/libengine.so,,benchmarks/meshoptimizer/benchmark.wasm,20735,3,Execution,cycles,123930715
aarch64,engines/wasmtime/libengine.so,,benchmarks/meshoptimizer/benchmark.wasm,20735,4,Compilation,cycles,1457088
aarch64,engines/wasmtime/libengine.so,,benchmarks/meshoptimizer/benchmark.wasm,20735,4,Instantiation,cycles,5963
aarch64,engines/wasmtime/libengine.so,,benchmarks/meshoptimizer/benchmark.wasm,20735,4,Execution,cycles,123782491
aarch64,engines/wasmtime/libengine.so,,benchmarks/meshoptimizer/benchmark.wasm,20735,5,Compilation,cycles,1451846
aarch64,engines/wasmtime/libengine.so,,benchmarks/meshoptimizer/benchmark.wasm,20735,5,Instantiation,cycles,5881
aarch64,engines/wasmtime/libengine.so,,benchmarks/meshoptimizer/benchmark.wasm,20735,5,Execution,cycles,124035816
aarch64,engines/wasmtime/libengine.so,,benchmarks/meshoptimizer/benchmark.wasm,20735,6,Compilation,cycles,1453448
aarch64,engines/wasmtime/libengine.so,,benchmarks/meshoptimizer/benchmark.wasm,20735,6,Instantiation,cycles,5906
aarch64,engines/wasmtime/libengine.so,,benchmarks/meshoptimizer/benchmark.wasm,20735,6,Execution,cycles,123909927
aarch64,engines/wasmtime/libengine.so,,benchmarks/meshoptimizer/benchmark.wasm,20735,7,Compilation,cycles,1381283
aarch64,engines/wasmtime/libengine.so,,benchmarks/meshoptimizer/benchmark.wasm,20735,7,Instantiation,cycles,5774
aarch64,engines/wasmtime/libengine.so,,benchmarks/meshoptimizer/benchmark.wasm,20735,7,Execution,cycles,123932014
aarch64,engines/wasmtime/libengine.so,,benchmarks/meshoptimizer/benchmark.wasm,20735,8,Compilation,cycles,1431108
aarch64,engines/wasmtime/libengine.so,,benchmarks/meshoptimizer/benchmark.wasm,20735,8,Instantiation,cycles,5978
aarch64,engines/wasmtime/libengine.so,,benchmarks/meshoptimizer/benchmark.wasm,20735,8,Execution,cycles,123861096
aarch64,engines/wasmtime/libengine.so,,benchmarks/meshoptimizer/benchmark.wasm,20735,9,Compilation,cycles,1493672
aarch64,engines/wasmtime/libengine.so,,benchmarks/meshoptimizer/benchmark.wasm,20735,9,Instantiation,cycles,5271
aarch64,engines/wasmtime/libengine.so,,benchmarks/meshoptimizer/benchmark.wasm,20735,9,Execution,cycles,123921014
aarch64,engines/wasmtime/libengine.so,,benchmarks/hashset/benchmark.wasm,20744,0,Compilation,cycles,14493792
aarch64,engines/wasmtime/libengine.so,,benchmarks/hashset/benchmark.wasm,20744,0,Instantiation,cycles,5522
aarch64,engines/wasmtime/libengine.so,,benchmarks/hashset/benchmark.wasm,20744,0,Execution,cycles,2088519
aarch64,engines/wasmtime/libengine.so,,benchmarks/hashset/benchmark.wasm,20744,1,Compilation,cycles,13954608
aarch64,engines/wasmtime/libengine.so,,benchmarks/hashset/benchmark.wasm,20744,1,Instantiation,cycles,5613
aarch64,engines/wasmtime/libengine.so,,benchmarks/hashset/benchmark.wasm,20744,1,Execution,cycles,2088660
aarch64,engines/wasmtime/libengine.so,,benchmarks/hashset/benchmark.wasm,20744,2,Compilation,cycles,13833710
aarch64,engines/wasmtime/libengine.so,,benchmarks/hashset/benchmark.wasm,20744,2,Instantiation,cycles,5782
aarch64,engines/wasmtime/libengine.so,,benchmarks/hashset/benchmark.wasm,20744,2,Execution,cycles,2087626
aarch64,engines/wasmtime/libengine.so,,benchmarks/hashset/benchmark.wasm,20744,3,Compilation,cycles,13722346
aarch64,engines/wasmtime/libengine.so,,benchmarks/hashset/benchmark.wasm,20744,3,Instantiation,cycles,5584
aarch64,engines/wasmtime/libengine.so,,benchmarks/hashset/benchmark.wasm,20744,3,Execution,cycles,2094968
aarch64,engines/wasmtime/libengine.so,,benchmarks/hashset/benchmark.wasm,20744,4,Compilation,cycles,13802649
aarch64,engines/wasmtime/libengine.so,,benchmarks/hashset/benchmark.wasm,20744,4,Instantiation,cycles,5691
aarch64,engines/wasmtime/libengine.so,,benchmarks/hashset/benchmark.wasm,20744,4,Execution,cycles,2088091
aarch64,engines/wasmtime/libengine.so,,benchmarks/hashset/benchmark.wasm,20744,5,Compilation,cycles,13804264
aarch64,engines/wasmtime/libengine.so,,benchmarks/hashset/benchmark.wasm,20744,5,Instantiation,cycles,5380
aarch64,engines/wasmtime/libengine.so,,benchmarks/hashset/benchmark.wasm,20744,5,Execution,cycles,2091347
aarch64,engines/wasmtime/libengine.so,,benchmarks/hashset/benchmark.wasm,20744,6,Compilation,cycles,13782253
aarch64,engines/wasmtime/libengine.so,,benchmarks/hashset/benchmark.wasm,20744,6,Instantiation,cycles,5731
aarch64,engines/wasmtime/libengine.so,,benchmarks/hashset/benchmark.wasm,20744,6,Execution,cycles,2087588
aarch64,engines/wasmtime/libengine.so,,benchmarks/hashset/benchmark.wasm,20744,7,Compilation,cycles,13930163
aarch64,engines/wasmtime/libengine.so,,benchmarks/hashset/benchmark.wasm,20744,7,Instantiation,cycles,5429
aarch64,engines/wasmtime/libengine.so,,benchmarks/hashset/benchmark.wasm,20744,7,Execution,cycles,2105356
aarch64,engines/wasmtime/libengine.so,,benchmarks/hashset/benchmark.wasm,20744,8,Compilation,cycles,13652826
aarch64,engines/wasmtime/libengine.so,,benchmarks/hashset/benchmark.wasm,20744,8,Instantiation,cycles,5667
aarch64,engines/wasmtime/libengine.so,,benchmarks/hashset/benchmark.wasm,20744,8,Execution,cycles,2089123
aarch64,engines/wasmtime/libengine.so,,benchmarks/hashset/benchmark.wasm,20744,9,Compilation,cycles,13627849
aarch64,engines/wasmtime/libengine.so,,benchmarks/hashset/benchmark.wasm,20744,9,Instantiation,cycles,5512
aarch64,engines/wasmtime/libengine.so,,benchmarks/hashset/benchmark.wasm,20744,9,Execution,cycles,2090295
aarch64,engines/wasmtime/libengine.so,,benchmarks/bz2/benchmark.wasm,20753,0,Compilation,cycles,4582951
aarch64,engines/wasmtime/libengine.so,,benchmarks/bz2/benchmark.wasm,20753,0,Instantiation,cycles,5572
aarch64,engines/wasmtime/libengine.so,,benchmarks/bz2/benchmark.wasm,20753,0,Execution,cycles,2179322
aarch64,engines/wasmtime/libengine.so,,benchmarks/bz2/benchmark.wasm,20753,1,Compilation,cycles,3180278
aarch64,engines/wasmtime/libengine.so,,benchmarks/bz2/benchmark.wasm,20753,1,Instantiation,cycles,5589
aarch64,engines/wasmtime/libengine.so,,benchmarks/bz2/benchmark.wasm,20753,1,Execution,cycles,2175050
aarch64,engines/wasmtime/libengine.so,,benchmarks/bz2/benchmark.wasm,20753,2,Compilation,cycles,3159188
aarch64,engines/wasmtime/libengine.so,,benchmarks/bz2/benchmark.wasm,20753,2,Instantiation,cycles,5529
aarch64,engines/wasmtime/libengine.so,,benchmarks/bz2/benchmark.wasm,20753,2,Execution,cycles,2179745
aarch64,engines/wasmtime/libengine.so,,benchmarks/bz2/benchmark.wasm,20753,3,Compilation,cycles,3205338
aarch64,engines/wasmtime/libengine.so,,benchmarks/bz2/benchmark.wasm,20753,3,Instantiation,cycles,5473
aarch64,engines/wasmtime/libengine.so,,benchmarks/bz2/benchmark.wasm,20753,3,Execution,cycles,2183156
aarch64,engines/wasmtime/libengine.so,,benchmarks/bz2/benchmark.wasm,20753,4,Compilation,cycles,3170250
aarch64,engines/wasmtime/libengine.so,,benchmarks/bz2/benchmark.wasm,20753,4,Instantiation,cycles,5597
aarch64,engines/wasmtime/libengine.so,,benchmarks/bz2/benchmark.wasm,20753,4,Execution,cycles,2181759
aarch64,engines/wasmtime/libengine.so,,benchmarks/bz2/benchmark.wasm,20753,5,Compilation,cycles,3202592
aarch64,engines/wasmtime/libengine.so,,benchmarks/bz2/benchmark.wasm,20753,5,Instantiation,cycles,5549
aarch64,engines/wasmtime/libengine.so,,benchmarks/bz2/benchmark.wasm,20753,5,Execution,cycles,2178465
aarch64,engines/wasmtime/libengine.so,,benchmarks/bz2/benchmark.wasm,20753,6,Compilation,cycles,3184944
aarch64,engines/wasmtime/libengine.so,,benchmarks/bz2/benchmark.wasm,20753,6,Instantiation,cycles,5217
aarch64,engines/wasmtime/libengine.so,,benchmarks/bz2/benchmark.wasm,20753,6,Execution,cycles,2177639
aarch64,engines/wasmtime/libengine.so,,benchmarks/bz2/benchmark.wasm,20753,7,Compilation,cycles,3183414
aarch64,engines/wasmtime/libengine.so,,benchmarks/bz2/benchmark.wasm,20753,7,Instantiation,cycles,5225
aarch64,engines/wasmtime/libengine.so,,benchmarks/bz2/benchmark.wasm,20753,7,Execution,cycles,2188828
aarch64,engines/wasmtime/libengine.so,,benchmarks/bz2/benchmark.wasm,20753,8,Compilation,cycles,3190175
aarch64,engines/wasmtime/libengine.so,,benchmarks/bz2/benchmark.wasm,20753,8,Instantiation,cycles,5251
aarch64,engines/wasmtime/libengine.so,,benchmarks/bz2/benchmark.wasm,20753,8,Execution,cycles,2185178
aarch64,engines/wasmtime/libengine.so,,benchmarks/bz2/benchmark.wasm,20753,9,Compilation,cycles,3172639
aarch64,engines/wasmtime/libengine.so,,benchmarks/bz2/benchmark.wasm,20753,9,Instantiation,cycles,5215
aarch64,engines/wasmtime/libengine.so,,benchmarks/bz2/benchmark.wasm,20753,9,Execution,cycles,2176771
aarch64,engines/wasmtime/libengine.so,,benchmarks/quicksort/benchmark.wasm,20763,0,Compilation,cycles,1973382
aarch64,engines/wasmtime/libengine.so,,benchmarks/quicksort/benchmark.wasm,20763,0,Instantiation,cycles,4903
aarch64,engines/wasmtime/libengine.so,,benchmarks/quicksort/benchmark.wasm,20763,0,Execution,cycles,1879280
aarch64,engines/wasmtime/libengine.so,,benchmarks/quicksort/benchmark.wasm,20763,1,Compilation,cycles,1020106
aarch64,engines/wasmtime/libengine.so,,benchmarks/quicksort/benchmark.wasm,20763,1,Instantiation,cycles,5039
aarch64,engines/wasmtime/libengine.so,,benchmarks/quicksort/benchmark.wasm,20763,1,Execution,cycles,1885597
aarch64,engines/wasmtime/libengine.so,,benchmarks/quicksort/benchmark.wasm,20763,2,Compilation,cycles,1017282
aarch64,engines/wasmtime/libengine.so,,benchmarks/quicksort/benchmark.wasm,20763,2,Instantiation,cycles,5330
aarch64,engines/wasmtime/libengine.so,,benchmarks/quicksort/benchmark.wasm,20763,2,Execution,cycles,1860651
aarch64,engines/wasmtime/libengine.so,,benchmarks/quicksort/benchmark.wasm,20763,3,Compilation,cycles,1021535
aarch64,engines/wasmtime/libengine.so,,benchmarks/quicksort/benchmark.wasm,20763,3,Instantiation,cycles,5328
aarch64,engines/wasmtime/libengine.so,,benchmarks/quicksort/benchmark.wasm,20763,3,Execution,cycles,1867140
aarch64,engines/wasmtime/libengine.so,,benchmarks/quicksort/benchmark.wasm,20763,4,Compilation,cycles,1016348
aarch64,engines/wasmtime/libengine.so,,benchmarks/quicksort/benchmark.wasm,20763,4,Instantiation,cycles,5246
aarch64,engines/wasmtime/libengine.so,,benchmarks/quicksort/benchmark.wasm,20763,4,Execution,cycles,1869458
aarch64,engines/wasmtime/libengine.so,,benchmarks/quicksort/benchmark.wasm,20763,5,Compilation,cycles,1016560
aarch64,engines/wasmtime/libengine.so,,benchmarks/quicksort/benchmark.wasm,20763,5,Instantiation,cycles,5507
aarch64,engines/wasmtime/libengine.so,,benchmarks/quicksort/benchmark.wasm,20763,5,Execution,cycles,1867573
aarch64,engines/wasmtime/libengine.so,,benchmarks/quicksort/benchmark.wasm,20763,6,Compilation,cycles,1015768
aarch64,engines/wasmtime/libengine.so,,benchmarks/quicksort/benchmark.wasm,20763,6,Instantiation,cycles,5493
aarch64,engines/wasmtime/libengine.so,,benchmarks/quicksort/benchmark.wasm,20763,6,Execution,cycles,1875179
aarch64,engines/wasmtime/libengine.so,,benchmarks/quicksort/benchmark.wasm,20763,7,Compilation,cycles,1013216
aarch64,engines/wasmtime/libengine.so,,benchmarks/quicksort/benchmark.wasm,20763,7,Instantiation,cycles,5339
aarch64,engines/wasmtime/libengine.so,,benchmarks/quicksort/benchmark.wasm,20763,7,Execution,cycles,1859272
aarch64,engines/wasmtime/libengine.so,,benchmarks/quicksort/benchmark.wasm,20763,8,Compilation,cycles,1010151
aarch64,engines/wasmtime/libengine.so,,benchmarks/quicksort/benchmark.wasm,20763,8,Instantiation,cycles,5322
aarch64,engines/wasmtime/libengine.so,,benchmarks/quicksort/benchmark.wasm,20763,8,Execution,cycles,1873491
aarch64,engines/wasmtime/libengine.so,,benchmarks/quicksort/benchmark.wasm,20763,9,Compilation,cycles,1011842
aarch64,engines/wasmtime/libengine.so,,benchmarks/quicksort/benchmark.wasm,20763,9,Instantiation,cycles,6126
aarch64,engines/wasmtime/libengine.so,,benchmarks/quicksort/benchmark.wasm,20763,9,Execution,cycles,1876939
aarch64,engines/wasmtime/libengine.so,,benchmarks/blind-sig/benchmark.wasm,20772,0,Compilation,cycles,9022278
aarch64,engines/wasmtime/libengine.so,,benchmarks/blind-sig/benchmark.wasm,20772,0,Instantiation,cycles,5813
aarch64,engines/wasmtime/libengine.so,,benchmarks/blind-sig/benchmark.wasm,20772,0,Execution,cycles,7536897
aarch64,engines/wasmtime/libengine.so,,benchmarks/blind-sig/benchmark.wasm,20772,1,Compilation,cycles,8313602
aarch64,engines/wasmtime/libengine.so,,benchmarks/blind-sig/benchmark.wasm,20772,1,Instantiation,cycles,5969
aarch64,engines/wasmtime/libengine.so,,benchmarks/blind-sig/benchmark.wasm,20772,1,Execution,cycles,7539067
aarch64,engines/wasmtime/libengine.so,,benchmarks/blind-sig/benchmark.wasm,20772,2,Compilation,cycles,8066990
aarch64,engines/wasmtime/libengine.so,,benchmarks/blind-sig/benchmark.wasm,20772,2,Instantiation,cycles,5557
aarch64,engines/wasmtime/libengine.so,,benchmarks/blind-sig/benchmark.wasm,20772,2,Execution,cycles,7539797
aarch64,engines/wasmtime/libengine.so,,benchmarks/blind-sig/benchmark.wasm,20772,3,Compilation,cycles,8746003
aarch64,engines/wasmtime/libengine.so,,benchmarks/blind-sig/benchmark.wasm,20772,3,Instantiation,cycles,7063
aarch64,engines/wasmtime/libengine.so,,benchmarks/blind-sig/benchmark.wasm,20772,3,Execution,cycles,7534642
aarch64,engines/wasmtime/libengine.so,,benchmarks/blind-sig/benchmark.wasm,20772,4,Compilation,cycles,7649060
aarch64,engines/wasmtime/libengine.so,,benchmarks/blind-sig/benchmark.wasm,20772,4,Instantiation,cycles,5687
aarch64,engines/wasmtime/libengine.so,,benchmarks/blind-sig/benchmark.wasm,20772,4,Execution,cycles,7538651
aarch64,engines/wasmtime/libengine.so,,benchmarks/blind-sig/benchmark.wasm,20772,5,Compilation,cycles,8300984
aarch64,engines/wasmtime/libengine.so,,benchmarks/blind-sig/benchmark.wasm,20772,5,Instantiation,cycles,5623
aarch64,engines/wasmtime/libengine.so,,benchmarks/blind-sig/benchmark.wasm,20772,5,Execution,cycles,7537722
aarch64,engines/wasmtime/libengine.so,,benchmarks/blind-sig/benchmark.wasm,20772,6,Compilation,cycles,7837313
aarch64,engines/wasmtime/libengine.so,,benchmarks/blind-sig/benchmark.wasm,20772,6,Instantiation,cycles,5517
aarch64,engines/wasmtime/libengine.so,,benchmarks/blind-sig/benchmark.wasm,20772,6,Execution,cycles,7537426
aarch64,engines/wasmtime/libengine.so,,benchmarks/blind-sig/benchmark.wasm,20772,7,Compilation,cycles,8377441
aarch64,engines/wasmtime/libengine.so,,benchmarks/blind-sig/benchmark.wasm,20772,7,Instantiation,cycles,6129
aarch64,engines/wasmtime/libengine.so,,benchmarks/blind-sig/benchmark.wasm,20772,7,Execution,cycles,7534578
aarch64,engines/wasmtime/libengine.so,,benchmarks/blind-sig/benchmark.wasm,20772,8,Compilation,cycles,7785208
aarch64,engines/wasmtime/libengine.so,,benchmarks/blind-sig/benchmark.wasm,20772,8,Instantiation,cycles,5603
aarch64,engines/wasmtime/libengine.so,,benchmarks/blind-sig/benchmark.wasm,20772,8,Execution,cycles,7537712
aarch64,engines/wasmtime/libengine.so,,benchmarks/blind-sig/benchmark.wasm,20772,9,Compilation,cycles,8281108
aarch64,engines/wasmtime/libengine.so,,benchmarks/blind-sig/benchmark.wasm,20772,9,Instantiation,cycles,7007
aarch64,engines/wasmtime/libengine.so,,benchmarks/blind-sig/benchmark.wasm,20772,9,Execution,cycles,7533551
aarch64,engines/wasmtime/libengine.so,,benchmarks/meshoptimizer/benchmark.wasm,20782,0,Compilation,cycles,2762432
aarch64,engines/wasmtime/libengine.so,,benchmarks/meshoptimizer/benchmark.wasm,20782,0,Instantiation,cycles,4813
aarch64,engines/wasmtime/libengine.so,,benchmarks/meshoptimizer/benchmark.wasm,20782,0,Execution,cycles,123764486
aarch64,engines/wasmtime/libengine.so,,benchmarks/meshoptimizer/benchmark.wasm,20782,1,Compilation,cycles,1477918
aarch64,engines/wasmtime/libengine.so,,benchmarks/meshoptimizer/benchmark.wasm,20782,1,Instantiation,cycles,5051
aarch64,engines/wasmtime/libengine.so,,benchmarks/meshoptimizer/benchmark.wasm,20782,1,Execution,cycles,123723717
aarch64,engines/wasmtime/libengine.so,,benchmarks/meshoptimizer/benchmark.wasm,20782,2,Compilation,cycles,1402029
aarch64,engines/wasmtime/libengine.so,,benchmarks/meshoptimizer/benchmark.wasm,20782,2,Instantiation,cycles,5166
aarch64,engines/wasmtime/libengine.so,,benchmarks/meshoptimizer/benchmark.wasm,20782,2,Execution,cycles,123776909
aarch64,engines/wasmtime/libengine.so,,benchmarks/meshoptimizer/benchmark.wasm,20782,3,Compilation,cycles,1483700
aarch64,engines/wasmtime/libengine.so,,benchmarks/meshoptimizer/benchmark.wasm,20782,3,Instantiation,cycles,5227
aarch64,engines/wasmtime/libengine.so,,benchmarks/meshoptimizer/benchmark.wasm,20782,3,Execution,cycles,123860254
aarch64,engines/wasmtime/libengine.so,,benchmarks/meshoptimizer/benchmark.wasm,20782,4,Compilation,cycles,1475197
aarch64,engines/wasmtime/libengine.so,,benchmarks/meshoptimizer/benchmark.wasm,20782,4,Instantiation,cycles,5235
aarch64,engines/wasmtime/libengine.so,,benchmarks/meshoptimizer/benchmark.wasm,20782,4,Execution,cycles,123871952
aarch64,engines/wasmtime/libengine.so,,benchmarks/meshoptimizer/benchmark.wasm,20782,5,Compilation,cycles,1463605
aarch64,engines/wasmtime/libengine.so,,benchmarks/meshoptimizer/benchmark.wasm,20782,5,Instantiation,cycles,5360
aarch64,engines/wasmtime/libengine.so,,benchmarks/meshoptimizer/benchmark.wasm,20782,5,Execution,cycles,123991541
aarch64,engines/wasmtime/libengine.so,,benchmarks/meshoptimizer/benchmark.wasm,20782,6,Compilation,cycles,1463706
aarch64,engines/wasmtime/libengine.so,,benchmarks/meshoptimizer/benchmark.wasm,20782,6,Instantiation,cycles,5979
aarch64,engines/wasmtime/libengine.so,,benchmarks/meshoptimizer/benchmark.wasm,20782,6,Execution,cycles,123914775
aarch64,engines/wasmtime/libengine.so,,benchmarks/meshoptimizer/benchmark.wasm,20782,7,Compilation,cycles,1476223
aarch64,engines/wasmtime/libengine.so,,benchmarks/meshoptimizer/benchmark.wasm,20782,7,Instantiation,cycles,5896
aarch64,engines/wasmtime/libengine.so,,benchmarks/meshoptimizer/benchmark.wasm,20782,7,Execution,cycles,123856753
aarch64,engines/wasmtime/libengine.so,,benchmarks/meshoptimizer/benchmark.wasm,20782,8,Compilation,cycles,1316153
aarch64,engines/wasmtime/libengine.so,,benchmarks/meshoptimizer/benchmark.wasm,20782,8,Instantiation,cycles,5713
aarch64,engines/wasmtime/libengine.so,,benchmarks/meshoptimizer/benchmark.wasm,20782,8,Execution,cycles,123811991
aarch64,engines/wasmtime/libengine.so,,benchmarks/meshoptimizer/benchmark.wasm,20782,9,Compilation,cycles,1500420
aarch64,engines/wasmtime/libengine.so,,benchmarks/meshoptimizer/benchmark.wasm,20782,9,Instantiation,cycles,5890
aarch64,engines/wasmtime/libengine.so,,benchmarks/meshoptimizer/benchmark.wasm,20782,9,Execution,cycles,124013652
aarch64,engines/wasmtime/libengine.so,,benchmarks/blind-sig/benchmark.wasm,20791,0,Compilation,cycles,8579105
aarch64,engines/wasmtime/libengine.so,,benchmarks/blind-sig/benchmark.wasm,20791,0,Instantiation,cycles,5748
aarch64,engines/wasmtime/libengine.so,,benchmarks/blind-sig/benchmark.wasm,20791,0,Execution,cycles,7551202
aarch64,engines/wasmtime/libengine.so,,benchmarks/blind-sig/benchmark.wasm,20791,1,Compilation,cycles,7858680
aarch64,engines/wasmtime/libengine.so,,benchmarks/blind-sig/benchmark.wasm,20791,1,Instantiation,cycles,6277
aarch64,engines/wasmtime/libengine.so,,benchmarks/blind-sig/benchmark.wasm,20791,1,Execution,cycles,7531359
aarch64,engines/wasmtime/libengine.so,,benchmarks/blind-sig/benchmark.wasm,20791,2,Compilation,cycles,8109157
aarch64,engines/wasmtime/libengine.so,,benchmarks/blind-sig/benchmark.wasm,20791,2,Instantiation,cycles,7780
aarch64,engines/wasmtime/libengine.so,,benchmarks/blind-sig/benchmark.wasm,20791,2,Execution,cycles,7530454
aarch64,engines/wasmtime/libengine.so,,benchmarks/blind-sig/benchmark.wasm,20791,3,Compilation,cycles,7882150
aarch64,engines/wasmtime/libengine.so,,benchmarks/blind-sig/benchmark.wasm,20791,3,Instantiation,cycles,5728
aarch64,engines/wasmtime/libengine.so,,benchmarks/blind-sig/benchmark.wasm,20791,3,Execution,cycles,7536776
aarch64,engines/wasmtime/libengine.so,,benchmarks/blind-sig/benchmark.wasm,20791,4,Compilation,cycles,8086334
aarch64,engines/wasmtime/libengine.so,,benchmarks/blind-sig/benchmark.wasm,20791,4,Instantiation,cycles,6030
aarch64,engines/wasmtime/libengine.so,,benchmarks/blind-sig/benchmark.wasm,20791,4,Execution,cycles,7540329
aarch64,engines/wasmtime/libengine.so,,benchmarks/blind-sig/benchmark.wasm,20791,5,Compilation,cycles,8700028
aarch64,engines/wasmtime/libengine.so,,benchmarks/blind-sig/benchmark.wasm,20791,5,Instantiation,cycles,5277
aarch64,engines/wasmtime/libengine.so,,benchmarks/blind-sig/benchmark.wasm,20791,5,Execution,cycles,7536297
aarch64,engines/wasmtime/libengine.so,,benchmarks/blind-sig/benchmark.wasm,20791,6,Compilation,cycles,8692384
aarch64,engines/wasmtime/libengine.so,,benchmarks/blind-sig/benchmark.wasm,20791,6,Instantiation,cycles,5474
aarch64,engines/wasmtime/libengine.so,,benchmarks/blind-sig/benchmark.wasm,20791,6,Execution,cycles,7530998
aarch64,engines/wasmtime/libengine.so,,benchmarks/blind-sig/benchmark.wasm,20791,7,Compilation,cycles,7908491
aarch64,engines/wasmtime/libengine.so,,benchmarks/blind-sig/benchmark.wasm,20791,7,Instantiation,cycles,5614
aarch64,engines/wasmtime/libengine.so,,benchmarks/blind-sig/benchmark.wasm,20791,7,Execution,cycles,7532842
aarch64,engines/wasmtime/libengine.so,,benchmarks/blind-sig/benchmark.wasm,20791,8,Compilation,cycles,8266194
aarch64,engines/wasmtime/libengine.so,,benchmarks/blind-sig/benchmark.wasm,20791,8,Instantiation,cycles,5497
aarch64,engines/wasmtime/libengine.so,,benchmarks/blind-sig/benchmark.wasm,20791,8,Execution,cycles,7537026
aarch64,engines/wasmtime/libengine.so,,benchmarks/blind-sig/benchmark.wasm,20791,9,Compilation,cycles,8732594
aarch64,engines/wasmtime/libengine.so,,benchmarks/blind-sig/benchmark.wasm,20791,9,Instantiation,cycles,5244
aarch64,engines/wasmtime/libengine.so,,benchmarks/blind-sig/benchmark.wasm,20791,9,Execution,cycles,7534540
aarch64,engines/wasmtime/libengine.so,,benchmarks/quicksort/benchmark.wasm,20802,0,Compilation,cycles,2102773
aarch64,engines/wasmtime/libengine.so,,benchmarks/quicksort/benchmark.wasm,20802,0,Instantiation,cycles,5167
aarch64,engines/wasmtime/libengine.so,,benchmarks/quicksort/benchmark.wasm,20802,0,Execution,cycles,1872163
aarch64,engines/wasmtime/libengine.so,,benchmarks/quicksort/benchmark.wasm,20802,1,Compilation,cycles,1107749
aarch64,engines/wasmtime/libengine.so,,benchmarks/quicksort/benchmark.wasm,20802,1,Instantiation,cycles,5298
aarch64,engines/wasmtime/libengine.so,,benchmarks/quicksort/benchmark.wasm,20802,1,Execution,cycles,1869368
aarch64,engines/wasmtime/libengine.so,,benchmarks/quicksort/benchmark.wasm,20802,2,Compilation,cycles,1029468
aarch64,engines/wasmtime/libengine.so,,benchmarks/quicksort/benchmark.wasm,20802,2,Instantiation,cycles,4922
aarch64,engines/wasmtime/libengine.so,,benchmarks/quicksort/benchmark.wasm,20802,2,Execution,cycles,1874863
aarch64,engines/wasmtime/libengine.so,,benchmarks/quicksort/benchmark.wasm,20802,3,Compilation,cycles,1021597
aarch64,engines/wasmtime/libengine.so,,benchmarks/quicksort/benchmark.wasm,20802,3,Instantiation,cycles,5154
aarch64,engines/wasmtime/libengine.so,,benchmarks/quicksort/benchmark.wasm,20802,3,Execution,cycles,1866406
aarch64,engines/wasmtime/libengine.so,,benchmarks/quicksort/benchmark.wasm,20802,4,Compilation,cycles,1016330
aarch64,engines/wasmtime/libengine.so,,benchmarks/quicksort/benchmark.wasm,20802,4,Instantiation,cycles,4859
aarch64,engines/wasmtime/libengine.so,,benchmarks/quicksort/benchmark.wasm,20802,4,Execution,cycles,1883827
aarch64,engines/wasmtime/libengine.so,,benchmarks/quicksort/benchmark.wasm,20802,5,Compilation,cycles,1025070
aarch64,engines/wasmtime/libengine.so,,benchmarks/quicksort/benchmark.wasm,20802,5,Instantiation,cycles,5267
aarch64,engines/wasmtime/libengine.so,,benchmarks/quicksort/benchmark.wasm,20802,5,Execution,cycles,1879426
aarch64,engines/wasmtime/libengine.so,,benchmarks/quicksort/benchmark.wasm,20802,6,Compilation,cycles,1012706
aarch64,engines/wasmtime/libengine.so,,benchmarks/quicksort/benchmark.wasm,20802,6,Instantiation,cycles,5206
aarch64,engines/wasmtime/libengine.so,,benchmarks/quicksort/benchmark.wasm,20802,6,Execution,cycles,1860535
aarch64,engines/wasmtime/libengine.so,,benchmarks/quicksort/benchmark.wasm,20802,7,Compilation,cycles,1045434
aarch64,engines/wasmtime/libengine.so,,benchmarks/quicksort/benchmark.wasm,20802,7,Instantiation,cycles,5256
aarch64,engines/wasmtime/libengine.so,,benchmarks/quicksort/benchmark.wasm,20802,7,Execution,cycles,1881325
aarch64,engines/wasmtime/libengine.so,,benchmarks/quicksort/benchmark.wasm,20802,8,Compilation,cycles,1033658
aarch64,engines/wasmtime/libengine.so,,benchmarks/quicksort/benchmark.wasm,20802,8,Instantiation,cycles,4959
aarch64,engines/wasmtime/libengine.so,,benchmarks/quicksort/benchmark.wasm,20802,8,Execution,cycles,1885271
aarch64,engines/wasmtime/libengine.so,,benchmarks/quicksort/benchmark.wasm,20802,9,Compilation,cycles,1017036
aarch64,engines/wasmtime/libengine.so,,benchmarks/quicksort/benchmark.wasm,20802,9,Instantiation,cycles,5274
aarch64,engines/wasmtime/libengine.so,,benchmarks/quicksort/benchmark.wasm,20802,9,Execution,cycles,1884984
aarch64,engines/wasmtime/libengine.so,,benchmarks/quicksort/benchmark.wasm,20811,0,Compilation,cycles,2767895
aarch64,engines/wasmtime/libengine.so,,benchmarks/quicksort/benchmark.wasm,20811,0,Instantiation,cycles,4751
aarch64,engines/wasmtime/libengine.so,,benchmarks/quicksort/benchmark.wasm,20811,0,Execution,cycles,1874032
aarch64,engines/wasmtime/libengine.so,,benchmarks/quicksort/benchmark.wasm,20811,1,Compilation,cycles,1033197
aarch64,engines/wasmtime/libengine.so,,benchmarks/quicksort/benchmark.wasm,20811,1,Instantiation,cycles,5148
aarch64,engines/wasmtime/libengine.so,,benchmarks/quicksort/benchmark.wasm,20811,1,Execution,cycles,1854456
aarch64,engines/wasmtime/libengine.so,,benchmarks/quicksort/benchmark.wasm,20811,2,Compilation,cycles,1022859
aarch64,engines/wasmtime/libengine.so,,benchmarks/quicksort/benchmark.wasm,20811,2,Instantiation,cycles,4799
aarch64,engines/wasmtime/libengine.so,,benchmarks/quicksort/benchmark.wasm,20811,2,Execution,cycles,1878376
aarch64,engines/wasmtime/libengine.so,,benchmarks/quicksort/benchmark.wasm,20811,3,Compilation,cycles,1028640
aarch64,engines/wasmtime/libengine.so,,benchmarks/quicksort/benchmark.wasm,20811,3,Instantiation,cycles,4925
aarch64,engines/wasmtime/libengine.so,,benchmarks/quicksort/benchmark.wasm,20811,3,Execution,cycles,1874643
aarch64,engines/wasmtime/libengine.so,,benchmarks/quicksort/benchmark.wasm,20811,4,Compilation,cycles,1017058
aarch64,engines/wasmtime/libengine.so,,benchmarks/quicksort/benchmark.wasm,20811,4,Instantiation,cycles,5070
aarch64,engines/wasmtime/libengine.so,,benchmarks/quicksort/benchmark.wasm,20811,4,Execution,cycles,1877505
aarch64,engines/wasmtime/libengine.so,,benchmarks/quicksort/benchmark.wasm,20811,5,Compilation,cycles,1054353
aarch64,engines/wasmtime/libengine.so,,benchmarks/quicksort/benchmark.wasm,20811,5,Instantiation,cycles,5201
aarch64,engines/wasmtime/libengine.so,,benchmarks/quicksort/benchmark.wasm,20811,5,Execution,cycles,1870543
aarch64,engines/wasmtime/libengine.so,,benchmarks/quicksort/benchmark.wasm,20811,6,Compilation,cycles,1012623
aarch64,engines/wasmtime/libengine.so,,benchmarks/quicksort/benchmark.wasm,20811,6,Instantiation,cycles,5150
aarch64,engines/wasmtime/libengine.so,,benchmarks/quicksort/benchmark.wasm,20811,6,Execution,cycles,1857366
aarch64,engines/wasmtime/libengine.so,,benchmarks/quicksort/benchmark.wasm,20811,7,Compilation,cycles,1011349
aarch64,engines/wasmtime/libengine.so,,benchmarks/quicksort/benchmark.wasm,20811,7,Instantiation,cycles,5409
aarch64,engines/wasmtime/libengine.so,,benchmarks/quicksort/benchmark.wasm,20811,7,Execution,cycles,1841470
aarch64,engines/wasmtime/libengine.so,,benchmarks/quicksort/benchmark.wasm,20811,8,Compilation,cycles,1015396
aarch64,engines/wasmtime/libengine.so,,benchmarks/quicksort/benchmark.wasm,20811,8,Instantiation,cycles,5132
aarch64,engines/wasmtime/libengine.so,,benchmarks/quicksort/benchmark.wasm,20811,8,Execution,cycles,1881689
aarch64,engines/wasmtime/libengine.so,,benchmarks/quicksort/benchmark.wasm,20811,9,Compilation,cycles,1007777
aarch64,engines/wasmtime/libengine.so,,benchmarks/quicksort/benchmark.wasm,20811,9,Instantiation,cycles,4996
aarch64,engines/wasmtime/libengine.so,,benchmarks/quicksort/benchmark.wasm,20811,9,Execution,cycles,1865241
aarch64,engines/wasmtime/libengine.so,,benchmarks/quicksort/benchmark.wasm,20820,0,Compilation,cycles,1667865
aarch64,engines/wasmtime/libengine.so,,benchmarks/quicksort/benchmark.wasm,20820,0,Instantiation,cycles,5011
aarch64,engines/wasmtime/libengine.so,,benchmarks/quicksort/benchmark.wasm,20820,0,Execution,cycles,1865503
aarch64,engines/wasmtime/libengine.so,,benchmarks/quicksort/benchmark.wasm,20820,1,Compilation,cycles,1050011
aarch64,engines/wasmtime/libengine.so,,benchmarks/quicksort/benchmark.wasm,20820,1,Instantiation,cycles,5783
aarch64,engines/wasmtime/libengine.so,,benchmarks/quicksort/benchmark.wasm,20820,1,Execution,cycles,1872244
aarch64,engines/wasmtime/libengine.so,,benchmarks/quicksort/benchmark.wasm,20820,2,Compilation,cycles,1043433
aarch64,engines/wasmtime/libengine.so,,benchmarks/quicksort/benchmark.wasm,20820,2,Instantiation,cycles,5826
aarch64,engines/wasmtime/libengine.so,,benchmarks/quicksort/benchmark.wasm,20820,2,Execution,cycles,1878719
aarch64,engines/wasmtime/libengine.so,,benchmarks/quicksort/benchmark.wasm,20820,3,Compilation,cycles,1012087
aarch64,engines/wasmtime/libengine.so,,benchmarks/quicksort/benchmark.wasm,20820,3,Instantiation,cycles,5450
aarch64,engines/wasmtime/libengine.so,,benchmarks/quicksort/benchmark.wasm,20820,3,Execution,cycles,1872714
aarch64,engines/wasmtime/libengine.so,,benchmarks/quicksort/benchmark.wasm,20820,4,Compilation,cycles,1021861
aarch64,engines/wasmtime/libengine.so,,benchmarks/quicksort/benchmark.wasm,20820,4,Instantiation,cycles,5627
aarch64,engines/wasmtime/libengine.so,,benchmarks/quicksort/benchmark.wasm,20820,4,Execution,cycles,1870862
aarch64,engines/wasmtime/libengine.so,,benchmarks/quicksort/benchmark.wasm,20820,5,Compilation,cycles,1014284
aarch64,engines/wasmtime/libengine.so,,benchmarks/quicksort/benchmark.wasm,20820,5,Instantiation,cycles,5709
aarch64,engines/wasmtime/libengine.so,,benchmarks/quicksort/benchmark.wasm,20820,5,Execution,cycles,1872684
aarch64,engines/wasmtime/libengine.so,,benchmarks/quicksort/benchmark.wasm,20820,6,Compilation,cycles,1015683
aarch64,engines/wasmtime/libengine.so,,benchmarks/quicksort/benchmark.wasm,20820,6,Instantiation,cycles,5969
aarch64,engines/wasmtime/libengine.so,,benchmarks/quicksort/benchmark.wasm,20820,6,Execution,cycles,1859389
aarch64,engines/wasmtime/libengine.so,,benchmarks/quicksort/benchmark.wasm,20820,7,Compilation,cycles,1011972
aarch64,engines/wasmtime/libengine.so,,benchmarks/quicksort/benchmark.wasm,20820,7,Instantiation,cycles,5772
aarch64,engines/wasmtime/libengine.so,,benchmarks/quicksort/benchmark.wasm,20820,7,Execution,cycles,1852449
aarch64,engines/wasmtime/libengine.so,,benchmarks/quicksort/benchmark.wasm,20820,8,Compilation,cycles,1013106
aarch64,engines/wasmtime/libengine.so,,benchmarks/quicksort/benchmark.wasm,20820,8,Instantiation,cycles,5485
aarch64,engines/wasmtime/libengine.so,,benchmarks/quicksort/benchmark.wasm,20820,8,Execution,cycles,1868225
aarch64,engines/wasmtime/libengine.so,,benchmarks/quicksort/benchmark.wasm,20820,9,Compilation,cycles,1018320
aarch64,engines/wasmtime/libengine.so,,benchmarks/quicksort/benchmark.wasm,20820,9,Instantiation,cycles,4672
aarch64,engines/wasmtime/libengine.so,,benchmarks/quicksort/benchmark.wasm,20820,9,Execution,cycles,1866766
aarch64,engines/wasmtime/libengine.so,,benchmarks/quicksort/benchmark.wasm,20829,0,Compilation,cycles,1643648
aarch64,engines/wasmtime/libengine.so,,benchmarks/quicksort/benchmark.wasm,20829,0,Instantiation,cycles,5491
aarch64,engines/wasmtime/libengine.so,,benchmarks/quicksort/benchmark.wasm,20829,0,Execution,cycles,1864475
aarch64,engines/wasmtime/libengine.so,,benchmarks/quicksort/benchmark.wasm,20829,1,Compilation,cycles,985973
aarch64,engines/wasmtime/libengine.so,,benchmarks/quicksort/benchmark.wasm,20829,1,Instantiation,cycles,5578
aarch64,engines/wasmtime/libengine.so,,benchmarks/quicksort/benchmark.wasm,20829,1,Execution,cycles,1889138
aarch64,engines/wasmtime/libengine.so,,benchmarks/quicksort/benchmark.wasm,20829,2,Compilation,cycles,1016210
aarch64,engines/wasmtime/libengine.so,,benchmarks/quicksort/benchmark.wasm,20829,2,Instantiation,cycles,4994
aarch64,engines/wasmtime/libengine.so,,benchmarks/quicksort/benchmark.wasm,20829,2,Execution,cycles,1861068
aarch64,engines/wasmtime/libengine.so,,benchmarks/quicksort/benchmark.wasm,20829,3,Compilation,cycles,1057503
aarch64,engines/wasmtime/libengine.so,,benchmarks/quicksort/benchmark.wasm,20829,3,Instantiation,cycles,5066
aarch64,engines/wasmtime/libengine.so,,benchmarks/quicksort/benchmark.wasm,20829,3,Execution,cycles,1884333
aarch64,engines/wasmtime/libengine.so,,benchmarks/quicksort/benchmark.wasm,20829,4,Compilation,cycles,1007273
aarch64,engines/wasmtime/libengine.so,,benchmarks/quicksort/benchmark.wasm,20829,4,Instantiation,cycles,5362
aarch64,engines/wasmtime/libengine.so,,benchmarks/quicksort/benchmark.wasm,20829,4,Execution,cycles,1869149
aarch64,engines/wasmtime/libengine.so,,benchmarks/quicksort/benchmark.wasm,20829,5,Compilation,cycles,1039699
aarch64,engines/wasmtime/libengine.so,,benchmarks/quicksort/benchmark.wasm,20829,5,Instantiation,cycles,5353
aarch64,engines/wasmtime/libengine.so,,benchmarks/quicksort/benchmark.wasm,20829,5,Execution,cycles,1875046
aarch64,engines/wasmtime/libengine.so,,benchmarks/quicksort/benchmark.wasm,20829,6,Compilation,cycles,1036703
aarch64,engines/wasmtime/libengine.so,,benchmarks/quicksort/benchmark.wasm,20829,6,Instantiation,cycles,7112
aarch64,engines/wasmtime/libengine.so,,benchmarks/quicksort/benchmark.wasm,20829,6,Execution,cycles,1870785
aarch64,engines/wasmtime/libengine.so,,benchmarks/quicksort/benchmark.wasm,20829,7,Compilation,cycles,1035567
aarch64,engines/wasmtime/libengine.so,,benchmarks/quicksort/benchmark.wasm,20829,7,Instantiation,cycles,5647
aarch64,engines/wasmtime/libengine.so,,benchmarks/quicksort/benchmark.wasm,20829,7,Execution,cycles,1892151
aarch64,engines/wasmtime/libengine.so,,benchmarks/quicksort/benchmark.wasm,20829,8,Compilation,cycles,1013810
aarch64,engines/wasmtime/libengine.so,,benchmarks/quicksort/benchmark.wasm,20829,8,Instantiation,cycles,5518
aarch64,engines/wasmtime/libengine.so,,benchmarks/quicksort/benchmark.wasm,20829,8,Execution,cycles,1884853
aarch64,engines/wasmtime/libengine.so,,benchmarks/quicksort/benchmark.wasm,20829,9,Compilation,cycles,1016792
aarch64,engines/wasmtime/libengine.so,,benchmarks/quicksort/benchmark.wasm,20829,9,Instantiation,cycles,4942
aarch64,engines/wasmtime/libengine.so,,benchmarks/quicksort/benchmark.wasm,20829,9,Execution,cycles,1879582
aarch64,engines/wasmtime/libengine.so,,benchmarks/quicksort/benchmark.wasm,20838,0,Compilation,cycles,1984453
aarch64,engines/wasmtime/libengine.so,,benchmarks/quicksort/benchmark.wasm,20838,0,Instantiation,cycles,5450
aarch64,engines/wasmtime/libengine.so,,benchmarks/quicksort/benchmark.wasm,20838,0,Execution,cycles,1880055
aarch64,engines/wasmtime/libengine.so,,benchmarks/quicksort/benchmark.wasm,20838,1,Compilation,cycles,1029802
aarch64,engines/wasmtime/libengine.so,,benchmarks/quicksort/benchmark.wasm,20838,1,Instantiation,cycles,5651
aarch64,engines/wasmtime/libengine.so,,benchmarks/quicksort/benchmark.wasm,20838,1,Execution,cycles,1870161
aarch64,engines/wasmtime/libengine.so,,benchmarks/quicksort/benchmark.wasm,20838,2,Compilation,cycles,1034302
aarch64,engines/wasmtime/libengine.so,,benchmarks/quicksort/benchmark.wasm,20838,2,Instantiation,cycles,5743
aarch64,engines/wasmtime/libengine.so,,benchmarks/quicksort/benchmark.wasm,20838,2,Execution,cycles,1867244
aarch64,engines/wasmtime/libengine.so,,benchmarks/quicksort/benchmark.wasm,20838,3,Compilation,cycles,1038527
aarch64,engines/wasmtime/libengine.so,,benchmarks/quicksort/benchmark.wasm,20838,3,Instantiation,cycles,5055
aarch64,engines/wasmtime/libengine.so,,benchmarks/quicksort/benchmark.wasm,20838,3,Execution,cycles,1862232
aarch64,engines/wasmtime/libengine.so,,benchmarks/quicksort/benchmark.wasm,20838,4,Compilation,cycles,1021656
aarch64,engines/wasmtime/libengine.so,,benchmarks/quicksort/benchmark.wasm,20838,4,Instantiation,cycles,5283
aarch64,engines/wasmtime/libengine.so,,benchmarks/quicksort/benchmark.wasm,20838,4,Execution,cycles,1878098
aarch64,engines/wasmtime/libengine.so,,benchmarks/quicksort/benchmark.wasm,20838,5,Compilation,cycles,1027607
aarch64,engines/wasmtime/libengine.so,,benchmarks/quicksort/benchmark.wasm,20838,5,Instantiation,cycles,5211
aarch64,engines/wasmtime/libengine.so,,benchmarks/quicksort/benchmark.wasm,20838,5,Execution,cycles,1866560
aarch64,engines/wasmtime/libengine.so,,benchmarks/quicksort/benchmark.wasm,20838,6,Compilation,cycles,1022033
aarch64,engines/wasmtime/libengine.so,,benchmarks/quicksort/benchmark.wasm,20838,6,Instantiation,cycles,4973
aarch64,engines/wasmtime/libengine.so,,benchmarks/quicksort/benchmark.wasm,20838,6,Execution,cycles,1874726
aarch64,engines/wasmtime/libengine.so,,benchmarks/quicksort/benchmark.wasm,20838,7,Compilation,cycles,1025073
aarch64,engines/wasmtime/libengine.so,,benchmarks/quicksort/benchmark.wasm,20838,7,Instantiation,cycles,5080
aarch64,engines/wasmtime/libengine.so,,benchmarks/quicksort/benchmark.wasm,20838,7,Execution,cycles,1868496
aarch64,engines/wasmtime/libengine.so,,benchmarks/quicksort/benchmark.wasm,20838,8,Compilation,cycles,1014459
aarch64,engines/wasmtime/libengine.so,,benchmarks/quicksort/benchmark.wasm,20838,8,Instantiation,cycles,6433
aarch64,engines/wasmtime/libengine.so,,benchmarks/quicksort/benchmark.wasm,20838,8,Execution,cycles,1862823
aarch64,engines/wasmtime/libengine.so,,benchmarks/quicksort/benchmark.wasm,20838,9,Compilation,cycles,1014091
aarch64,engines/wasmtime/libengine.so,,benchmarks/quicksort/benchmark.wasm,20838,9,Instantiation,cycles,5296
aarch64,engines/wasmtime/libengine.so,,benchmarks/quicksort/benchmark.wasm,20838,9,Execution,cycles,1871674
aarch64,engines/wasmtime/libengine.so,,benchmarks/meshoptimizer/benchmark.wasm,20847,0,Compilation,cycles,2457590
aarch64,engines/wasmtime/libengine.so,,benchmarks/meshoptimizer/benchmark.wasm,20847,0,Instantiation,cycles,5685
aarch64,engines/wasmtime/libengine.so,,benchmarks/meshoptimizer/benchmark.wasm,20847,0,Execution,cycles,123710086
aarch64,engines/wasmtime/libengine.so,,benchmarks/meshoptimizer/benchmark.wasm,20847,1,Compilation,cycles,1467889
aarch64,engines/wasmtime/libengine.so,,benchmarks/meshoptimizer/benchmark.wasm,20847,1,Instantiation,cycles,5968
aarch64,engines/wasmtime/libengine.so,,benchmarks/meshoptimizer/benchmark.wasm,20847,1,Execution,cycles,123807069
aarch64,engines/wasmtime/libengine.so,,benchmarks/meshoptimizer/benchmark.wasm,20847,2,Compilation,cycles,1455003
aarch64,engines/wasmtime/libengine.so,,benchmarks/meshoptimizer/benchmark.wasm,20847,2,Instantiation,cycles,5779
aarch64,engines/wasmtime/libengine.so,,benchmarks/meshoptimizer/benchmark.wasm,20847,2,Execution,cycles,123718802
aarch64,engines/wasmtime/libengine.so,,benchmarks/meshoptimizer/benchmark.wasm,20847,3,Compilation,cycles,1408531
aarch64,engines/wasmtime/libengine.so,,benchmarks/meshoptimizer/benchmark.wasm,20847,3,Instantiation,cycles,5282
aarch64,engines/wasmtime/libengine.so,,benchmarks/meshoptimizer/benchmark.wasm,20847,3,Execution,cycles,123777138
aarch64,engines/wasmtime/libengine.so,,benchmarks/meshoptimizer/benchmark.wasm,20847,4,Compilation,cycles,1255252
aarch64,engines/wasmtime/libengine.so,,benchmarks/meshoptimizer/benchmark.wasm,20847,4,Instantiation,cycles,5232
aarch64,engines/wasmtime/libengine.so,,benchmarks/meshoptimizer/benchmark.wasm,20847,4,Execution,cycles,123591945
aarch64,engines/wasmtime/libengine.so,,benchmarks/meshoptimizer/benchmark.wasm,20847,5,Compilation,cycles,1465703
aarch64,engines/wasmtime/libengine.so,,benchmarks/meshoptimizer/benchmark.wasm,20847,5,Instantiation,cycles,5037
aarch64,engines/wasmtime/libengine.so,,benchmarks/meshoptimizer/benchmark.wasm,20847,5,Execution,cycles,123925407
aarch64,engines/wasmtime/libengine.so,,benchmarks/meshoptimizer/benchmark.wasm,20847,6,Compilation,cycles,1449911
aarch64,engines/wasmtime/libengine.so,,benchmarks/meshoptimizer/benchmark.wasm,20847,6,Instantiation,cycles,5145
aarch64,engines/wasmtime/libengine.so,,benchmarks/meshoptimizer/benchmark.wasm,20847,6,Execution,cycles,123816173
aarch64,engines/wasmtime/libengine.so,,benchmarks/meshoptimizer/benchmark.wasm,20847,7,Compilation,cycles,1466699
aarch64,engines/wasmtime/libengine.so,,benchmarks/meshoptimizer/benchmark.wasm,20847,7,Instantiation,cycles,5860
aarch64,engines/wasmtime/libengine.so,,benchmarks/meshoptimizer/benchmark.wasm,20847,7,Execution,cycles,123835593
aarch64,engines/wasmtime/libengine.so,,benchmarks/meshoptimizer/benchmark.wasm,20847,8,Compilation,cycles,1452878
aarch64,engines/wasmtime/libengine.so,,benchmarks/meshoptimizer/benchmark.wasm,20847,8,Instantiation,cycles,5919
aarch64,engines/wasmtime/libengine.so,,benchmarks/meshoptimizer/benchmark.wasm,20847,8,Execution,cycles,123657670
aarch64,engines/wasmtime/libengine.so,,benchmarks/meshoptimizer/benchmark.wasm,20847,9,Compilation,cycles,1449215
aarch64,engines/wasmtime/libengine.so,,benchmarks/meshoptimizer/benchmark.wasm,20847,9,Instantiation,cycles,5717
aarch64,engines/wasmtime/libengine.so,,benchmarks/meshoptimizer/benchmark.wasm,20847,9,Execution,cycles,123822528
aarch64,engines/wasmtime/libengine.so,,benchmarks/hashset/benchmark.wasm,20856,0,Compilation,cycles,14397131
aarch64,engines/wasmtime/libengine.so,,benchmarks/hashset/benchmark.wasm,20856,0,Instantiation,cycles,5333
aarch64,engines/wasmtime/libengine.so,,benchmarks/hashset/benchmark.wasm,20856,0,Execution,cycles,2111522
aarch64,engines/wasmtime/libengine.so,,benchmarks/hashset/benchmark.wasm,20856,1,Compilation,cycles,13836914
aarch64,engines/wasmtime/libengine.so,,benchmarks/hashset/benchmark.wasm,20856,1,Instantiation,cycles,5855
aarch64,engines/wasmtime/libengine.so,,benchmarks/hashset/benchmark.wasm,20856,1,Execution,cycles,2113932
aarch64,engines/wasmtime/libengine.so,,benchmarks/hashset/benchmark.wasm,20856,2,Compilation,cycles,13794410
aarch64,engines/wasmtime/libengine.so,,benchmarks/hashset/benchmark.wasm,20856,2,Instantiation,cycles,5380
aarch64,engines/wasmtime/libengine.so,,benchmarks/hashset/benchmark.wasm,20856,2,Execution,cycles,2115048
aarch64,engines/wasmtime/libengine.so,,benchmarks/hashset/benchmark.wasm,20856,3,Compilation,cycles,13780570
aarch64,engines/wasmtime/libengine.so,,benchmarks/hashset/benchmark.wasm,20856,3,Instantiation,cycles,5674
aarch64,engines/wasmtime/libengine.so,,benchmarks/hashset/benchmark.wasm,20856,3,Execution,cycles,2112108
aarch64,engines/wasmtime/libengine.so,,benchmarks/hashset/benchmark.wasm,20856,4,Compilation,cycles,13841575
aarch64,engines/wasmtime/libengine.so,,benchmarks/hashset/benchmark.wasm,20856,4,Instantiation,cycles,5391
aarch64,engines/wasmtime/libengine.so,,benchmarks/hashset/benchmark.wasm,20856,4,Execution,cycles,2110868
aarch64,engines/wasmtime/libengine.so,,benchmarks/hashset/benchmark.wasm,20856,5,Compilation,cycles,13917226
aarch64,engines/wasmtime/libengine.so,,benchmarks/hashset/benchmark.wasm,20856,5,Instantiation,cycles,5807
aarch64,engines/wasmtime/libengine.so,,benchmarks/hashset/benchmark.wasm,20856,5,Execution,cycles,2126467
aarch64,engines/wasmtime/libengine.so,,benchmarks/hashset/benchmark.wasm,20856,6,Compilation,cycles,13733446
aarch64,engines/wasmtime/libengine.so,,benchmarks/hashset/benchmark.wasm,20856,6,Instantiation,cycles,5653
aarch64,engines/wasmtime/libengine.so,,benchmarks/hashset/benchmark.wasm,20856,6,Execution,cycles,2110167
aarch64,engines/wasmtime/libengine.so,,benchmarks/hashset/benchmark.wasm,20856,7,Compilation,cycles,13739054
aarch64,engines/wasmtime/libengine.so,,benchmarks/hashset/benchmark.wasm,20856,7,Instantiation,cycles,5377
aarch64,engines/wasmtime/libengine.so,,benchmarks/hashset/benchmark.wasm,20856,7,Execution,cycles,2113962
aarch64,engines/wasmtime/libengine.so,,benchmarks/hashset/benchmark.wasm,20856,8,Compilation,cycles,13742217
aarch64,engines/wasmtime/libengine.so,,benchmarks/hashset/benchmark.wasm,20856,8,Instantiation,cycles,5506
aarch64,engines/wasmtime/libengine.so,,benchmarks/hashset/benchmark.wasm,20856,8,Execution,cycles,2110779
aarch64,engines/wasmtime/libengine.so,,benchmarks/hashset/benchmark.wasm,20856,9,Compilation,cycles,13923126
aarch64,engines/wasmtime/libengine.so,,benchmarks/hashset/benchmark.wasm,20856,9,Instantiation,cycles,6178
aarch64,engines/wasmtime/libengine.so,,benchmarks/hashset/benchmark.wasm,20856,9,Execution,cycles,2114952
aarch64,engines/wasmtime/libengine.so,,benchmarks/quicksort/benchmark.wasm,20865,0,Compilation,cycles,2422644
aarch64,engines/wasmtime/libengine.so,,benchmarks/quicksort/benchmark.wasm,20865,0,Instantiation,cycles,4929
aarch64,engines/wasmtime/libengine.so,,benchmarks/quicksort/benchmark.wasm,20865,0,Execution,cycles,1877936
aarch64,engines/wasmtime/libengine.so,,benchmarks/quicksort/benchmark.wasm,20865,1,Compilation,cycles,1026428
aarch64,engines/wasmtime/libengine.so,,benchmarks/quicksort/benchmark.wasm,20865,1,Instantiation,cycles,5359
aarch64,engines/wasmtime/libengine.so,,benchmarks/quicksort/benchmark.wasm,20865,1,Execution,cycles,1882456
aarch64,engines/wasmtime/libengine.so,,benchmarks/quicksort/benchmark.wasm,20865,2,Compilation,cycles,1035235
aarch64,engines/wasmtime/libengine.so,,benchmarks/quicksort/benchmark.wasm,20865,2,Instantiation,cycles,5226
aarch64,engines/wasmtime/libengine.so,,benchmarks/quicksort/benchmark.wasm,20865,2,Execution,cycles,1878191
aarch64,engines/wasmtime/libengine.so,,benchmarks/quicksort/benchmark.wasm,20865,3,Compilation,cycles,1020456
aarch64,engines/wasmtime/libengine.so,,benchmarks/quicksort/benchmark.wasm,20865,3,Instantiation,cycles,5406
aarch64,engines/wasmtime/libengine.so,,benchmarks/quicksort/benchmark.wasm,20865,3,Execution,cycles,1891387
aarch64,engines/wasmtime/libengine.so,,benchmarks/quicksort/benchmark.wasm,20865,4,Compilation,cycles,1018292
aarch64,engines/wasmtime/libengine.so,,benchmarks/quicksort/benchmark.wasm,20865,4,Instantiation,cycles,5006
aarch64,engines/wasmtime/libengine.so,,benchmarks/quicksort/benchmark.wasm,20865,4,Execution,cycles,1875190
aarch64,engines/wasmtime/libengine.so,,benchmarks/quicksort/benchmark.wasm,20865,5,Compilation,cycles,1015437
aarch64,engines/wasmtime/libengine.so,,benchmarks/quicksort/benchmark.wasm,20865,5,Instantiation,cycles,4957
aarch64,engines/wasmtime/libengine.so,,benchmarks/quicksort/benchmark.wasm,20865,5,Execution,cycles,1868384
aarch64,engines/wasmtime/libengine.so,,benchmarks/quicksort/benchmark.wasm,20865,6,Compilation,cycles,1010003
aarch64,engines/wasmtime/libengine.so,,benchmarks/quicksort/benchmark.wasm,20865,6,Instantiation,cycles,5137
aarch64,engines/wasmtime/libengine.so,,benchmarks/quicksort/benchmark.wasm,20865,6,Execution,cycles,1886731
aarch64,engines/wasmtime/libengine.so,,benchmarks/quicksort/benchmark.wasm,20865,7,Compilation,cycles,1009724
aarch64,engines/wasmtime/libengine.so,,benchmarks/quicksort/benchmark.wasm,20865,7,Instantiation,cycles,5199
aarch64,engines/wasmtime/libengine.so,,benchmarks/quicksort/benchmark.wasm,20865,7,Execution,cycles,1882948
aarch64,engines/wasmtime/libengine.so,,benchmarks/quicksort/benchmark.wasm,20865,8,Compilation,cycles,1009775
aarch64,engines/wasmtime/libengine.so,,benchmarks/quicksort/benchmark.wasm,20865,8,Instantiation,cycles,6741
aarch64,engines/wasmtime/libengine.so,,benchmarks/quicksort/benchmark.wasm,20865,8,Execution,cycles,1874610
aarch64,engines/wasmtime/libengine.so,,benchmarks/quicksort/benchmark.wasm,20865,9,Compilation,cycles,1010293
aarch64,engines/wasmtime/libengine.so,,benchmarks/quicksort/benchmark.wasm,20865,9,Instantiation,cycles,5183
aarch64,engines/wasmtime/libengine.so,,benchmarks/quicksort/benchmark.wasm,20865,9,Execution,cycles,1874919
aarch64,engines/wasmtime/libengine.so,,benchmarks/hashset/benchmark.wasm,20874,0,Compilation,cycles,13868934
aarch64,engines/wasmtime/libengine.so,,benchmarks/hashset/benchmark.wasm,20874,0,Instantiation,cycles,5610
aarch64,engines/wasmtime/libengine.so,,benchmarks/hashset/benchmark.wasm,20874,0,Execution,cycles,2111391
aarch64,engines/wasmtime/libengine.so,,benchmarks/hashset/benchmark.wasm,20874,1,Compilation,cycles,13860327
aarch64,engines/wasmtime/libengine.so,,benchmarks/hashset/benchmark.wasm,20874,1,Instantiation,cycles,4987
aarch64,engines/wasmtime/libengine.so,,benchmarks/hashset/benchmark.wasm,20874,1,Execution,cycles,2113325
aarch64,engines/wasmtime/libengine.so,,benchmarks/hashset/benchmark.wasm,20874,2,Compilation,cycles,13767981
aarch64,engines/wasmtime/libengine.so,,benchmarks/hashset/benchmark.wasm,20874,2,Instantiation,cycles,5014
aarch64,engines/wasmtime/libengine.so,,benchmarks/hashset/benchmark.wasm,20874,2,Execution,cycles,2116290
aarch64,engines/wasmtime/libengine.so,,benchmarks/hashset/benchmark.wasm,20874,3,Compilation,cycles,13738831
aarch64,engines/wasmtime/libengine.so,,benchmarks/hashset/benchmark.wasm,20874,3,Instantiation,cycles,5069
aarch64,engines/wasmtime/libengine.so,,benchmarks/hashset/benchmark.wasm,20874,3,Execution,cycles,2109044
aarch64,engines/wasmtime/libengine.so,,benchmarks/hashset/benchmark.wasm,20874,4,Compilation,cycles,13694560
aarch64,engines/wasmtime/libengine.so,,benchmarks/hashset/benchmark.wasm,20874,4,Instantiation,cycles,5166
aarch64,engines/wasmtime/libengine.so,,benchmarks/hashset/benchmark.wasm,20874,4,Execution,cycles,2112447
aarch64,engines/wasmtime/libengine.so,,benchmarks/hashset/benchmark.wasm,20874,5,Compilation,cycles,13829848
aarch64,engines/wasmtime/libengine.so,,benchmarks/hashset/benchmark.wasm,20874,5,Instantiation,cycles,5547
aarch64,engines/wasmtime/libengine.so,,benchmarks/hashset/benchmark.wasm,20874,5,Execution,cycles,2111019
aarch64,engines/wasmtime/libengine.so,,benchmarks/hashset/benchmark.wasm,20874,6,Compilation,cycles,13751083
aarch64,engines/wasmtime/libengine.so,,benchmarks/hashset/benchmark.wasm,20874,6,Instantiation,cycles,5238
aarch64,engines/wasmtime/libengine.so,,benchmarks/hashset/benchmark.wasm,20874,6,Execution,cycles,2114140
aarch64,engines/wasmtime/libengine.so,,benchmarks/hashset/benchmark.wasm,20874,7,Compilation,cycles,13698499
aarch64,engines/wasmtime/libengine.so,,benchmarks/hashset/benchmark.wasm,20874,7,Instantiation,cycles,4982
aarch64,engines/wasmtime/libengine.so,,benchmarks/hashset/benchmark.wasm,20874,7,Execution,cycles,2111258
aarch64,engines/wasmtime/libengine.so,,benchmarks/hashset/benchmark.wasm,20874,8,Compilation,cycles,13752416
aarch64,engines/wasmtime/libengine.so,,benchmarks/hashset/benchmark.wasm,20874,8,Instantiation,cycles,5033
aarch64,engines/wasmtime/libengine.so,,benchmarks/hashset/benchmark.wasm,20874,8,Execution,cycles,2128256
aarch64,engines/wasmtime/libengine.so,,benchmarks/hashset/benchmark.wasm,20874,9,Compilation,cycles,13811487
aarch64,engines/wasmtime/libengine.so,,benchmarks/hashset/benchmark.wasm,20874,9,Instantiation,cycles,5078
aarch64,engines/wasmtime/libengine.so,,benchmarks/hashset/benchmark.wasm,20874,9,Execution,cycles,2114061
aarch64,engines/wasmtime/libengine.so,,benchmarks/hashset/benchmark.wasm,20883,0,Compilation,cycles,14486454
aarch64,engines/wasmtime/libengine.so,,benchmarks/hashset/benchmark.wasm,20883,0,Instantiation,cycles,5613
aarch64,engines/wasmtime/libengine.so,,benchmarks/hashset/benchmark.wasm,20883,0,Execution,cycles,2083978
aarch64,engines/wasmtime/libengine.so,,benchmarks/hashset/benchmark.wasm,20883,1,Compilation,cycles,13697498
aarch64,engines/wasmtime/libengine.so,,benchmarks/hashset/benchmark.wasm,20883,1,Instantiation,cycles,5561
aarch64,engines/wasmtime/libengine.so,,benchmarks/hashset/benchmark.wasm,20883,1,Execution,cycles,2089717
aarch64,engines/wasmtime/libengine.so,,benchmarks/hashset/benchmark.wasm,20883,2,Compilation,cycles,13759647
aarch64,engines/wasmtime/libengine.so,,benchmarks/hashset/benchmark.wasm,20883,2,Instantiation,cycles,5897
aarch64,engines/wasmtime/libengine.so,,benchmarks/hashset/benchmark.wasm,20883,2,Execution,cycles,2109332
aarch64,engines/wasmtime/libengine.so,,benchmarks/hashset/benchmark.wasm,20883,3,Compilation,cycles,13734352
aarch64,engines/wasmtime/libengine.so,,benchmarks/hashset/benchmark.wasm,20883,3,Instantiation,cycles,5560
aarch64,engines/wasmtime/libengine.so,,benchmarks/hashset/benchmark.wasm,20883,3,Execution,cycles,2083189
aarch64,engines/wasmtime/libengine.so,,benchmarks/hashset/benchmark.wasm,20883,4,Compilation,cycles,13682859
aarch64,engines/wasmtime/libengine.so,,benchmarks/hashset/benchmark.wasm,20883,4,Instantiation,cycles,5687
aarch64,engines/wasmtime/libengine.so,,benchmarks/hashset/benchmark.wasm,20883,4,Execution,cycles,2089530
aarch64,engines/wasmtime/libengine.so,,benchmarks/hashset/benchmark.wasm,20883,5,Compilation,cycles,13656545
aarch64,engines/wasmtime/libengine.so,,benchmarks/hashset/benchmark.wasm,20883,5,Instantiation,cycles,5928
aarch64,engines/wasmtime/libengine.so,,benchmarks/hashset/benchmark.wasm,20883,5,Execution,cycles,2090131
aarch64,engines/wasmtime/libengine.so,,benchmarks/hashset/benchmark.wasm,20883,6,Compilation,cycles,13678081
aarch64,engines/wasmtime/libengine.so,,benchmarks/hashset/benchmark.wasm,20883,6,Instantiation,cycles,5616
aarch64,engines/wasmtime/libengine.so,,benchmarks/hashset/benchmark.wasm,20883,6,Execution,cycles,2088471
aarch64,engines/wasmtime/libengine.so,,benchmarks/hashset/benchmark.wasm,20883,7,Compilation,cycles,13927925
aarch64,engines/wasmtime/libengine.so,,benchmarks/hashset/benchmark.wasm,20883,7,Instantiation,cycles,5723
aarch64,engines/wasmtime/libengine.so,,benchmarks/hashset/benchmark.wasm,20883,7,Execution,cycles,2088975
aarch64,engines/wasmtime/libengine.so,,benchmarks/hashset/benchmark.wasm,20883,8,Compilation,cycles,13751523
aarch64,engines/wasmtime/libengine.so,,benchmarks/hashset/benchmark.wasm,20883,8,Instantiation,cycles,5836
aarch64,engines/wasmtime/libengine.so,,benchmarks/hashset/benchmark.wasm,20883,8,Execution,cycles,2086242
aarch64,engines/wasmtime/libengine.so,,benchmarks/hashset/benchmark.wasm,20883,9,Compilation,cycles,13767062
aarch64,engines/wasmtime/libengine.so,,benchmarks/hashset/benchmark.wasm,20883,9,Instantiation,cycles,5421
aarch64,engines/wasmtime/libengine.so,,benchmarks/hashset/benchmark.wasm,20883,9,Execution,cycles,2085994
aarch64,engines/wasmtime/libengine.so,,benchmarks/blind-sig/benchmark.wasm,20892,0,Compilation,cycles,8481156
aarch64,engines/wasmtime/libengine.so,,benchmarks/blind-sig/benchmark.wasm,20892,0,Instantiation,cycles,5123
aarch64,engines/wasmtime/libengine.so,,benchmarks/blind-sig/benchmark.wasm,20892,0,Execution,cycles,7537543
aarch64,engines/wasmtime/libengine.so,,benchmarks/blind-sig/benchmark.wasm,20892,1,Compilation,cycles,8188721
aarch64,engines/wasmtime/libengine.so,,benchmarks/blind-sig/benchmark.wasm,20892,1,Instantiation,cycles,7065
aarch64,engines/wasmtime/libengine.so,,benchmarks/blind-sig/benchmark.wasm,20892,1,Execution,cycles,7538513
aarch64,engines/wasmtime/libengine.so,,benchmarks/blind-sig/benchmark.wasm,20892,2,Compilation,cycles,8693635
aarch64,engines/wasmtime/libengine.so,,benchmarks/blind-sig/benchmark.wasm,20892,2,Instantiation,cycles,7105
aarch64,engines/wasmtime/libengine.so,,benchmarks/blind-sig/benchmark.wasm,20892,2,Execution,cycles,7536722
aarch64,engines/wasmtime/libengine.so,,benchmarks/blind-sig/benchmark.wasm,20892,3,Compilation,cycles,8740868
aarch64,engines/wasmtime/libengine.so,,benchmarks/blind-sig/benchmark.wasm,20892,3,Instantiation,cycles,5473
aarch64,engines/wasmtime/libengine.so,,benchmarks/blind-sig/benchmark.wasm,20892,3,Execution,cycles,7533864
aarch64,engines/wasmtime/libengine.so,,benchmarks/blind-sig/benchmark.wasm,20892,4,Compilation,cycles,8209488
aarch64,engines/wasmtime/libengine.so,,benchmarks/blind-sig/benchmark.wasm,20892,4,Instantiation,cycles,5500
aarch64,engines/wasmtime/libengine.so,,benchmarks/blind-sig/benchmark.wasm,20892,4,Execution,cycles,7536986
aarch64,engines/wasmtime/libengine.so,,benchmarks/blind-sig/benchmark.wasm,20892,5,Compilation,cycles,7994331
aarch64,engines/wasmtime/libengine.so,,benchmarks/blind-sig/benchmark.wasm,20892,5,Instantiation,cycles,5438
aarch64,engines/wasmtime/libengine.so,,benchmarks/blind-sig/benchmark.wasm,20892,5,Execution,cycles,7534691
aarch64,engines/wasmtime/libengine.so,,benchmarks/blind-sig/benchmark.wasm,20892,6,Compilation,cycles,8325614
aarch64,engines/wasmtime/libengine.so,,benchmarks/blind-sig/benchmark.wasm,20892,6,Instantiation,cycles,5429
aarch64,engines/wasmtime/libengine.so,,benchmarks/blind-sig/benchmark.wasm,20892,6,Execution,cycles,7536849
aarch64,engines/wasmtime/libengine.so,,benchmarks/blind-sig/benchmark.wasm,20892,7,Compilation,cycles,8247620
aarch64,engines/wasmtime/libengine.so,,benchmarks/blind-sig/benchmark.wasm,20892,7,Instantiation,cycles,5560
aarch64,engines/wasmtime/libengine.so,,benchmarks/blind-sig/benchmark.wasm,20892,7,Execution,cycles,7532923
aarch64,engines/wasmtime/libengine.so,,benchmarks/blind-sig/benchmark.wasm,20892,8,Compilation,cycles,7915251
aarch64,engines/wasmtime/libengine.so,,benchmarks/blind-sig/benchmark.wasm,20892,8,Instantiation,cycles,7189
aarch64,engines/wasmtime/libengine.so,,benchmarks/blind-sig/benchmark.wasm,20892,8,Execution,cycles,7538470
aarch64,engines/wasmtime/libengine.so,,benchmarks/blind-sig/benchmark.wasm,20892,9,Compilation,cycles,8669512
aarch64,engines/wasmtime/libengine.so,,benchmarks/blind-sig/benchmark.wasm,20892,9,Instantiation,cycles,5623
aarch64,engines/wasmtime/libengine.so,,benchmarks/blind-sig/benchmark.wasm,20892,9,Execution,cycles,7532533
aarch64,engines/wasmtime/libengine.so,,benchmarks/hashset/benchmark.wasm,20902,0,Compilation,cycles,14120522
aarch64,engines/wasmtime/libengine.so,,benchmarks/hashset/benchmark.wasm,20902,0,Instantiation,cycles,5830
aarch64,engines/wasmtime/libengine.so,,benchmarks/hashset/benchmark.wasm,20902,0,Execution,cycles,2095236
aarch64,engines/wasmtime/libengine.so,,benchmarks/hashset/benchmark.wasm,20902,1,Compilation,cycles,13932949
aarch64,engines/wasmtime/libengine.so,,benchmarks/hashset/benchmark.wasm,20902,1,Instantiation,cycles,5768
aarch64,engines/wasmtime/libengine.so,,benchmarks/hashset/benchmark.wasm,20902,1,Execution,cycles,2097553
aarch64,engines/wasmtime/libengine.so,,benchmarks/hashset/benchmark.wasm,20902,2,Compilation,cycles,13839601
aarch64,engines/wasmtime/libengine.so,,benchmarks/hashset/benchmark.wasm,20902,2,Instantiation,cycles,5585
aarch64,engines/wasmtime/libengine.so,,benchmarks/hashset/benchmark.wasm,20902,2,Execution,cycles,2094002
aarch64,engines/wasmtime/libengine.so,,benchmarks/hashset/benchmark.wasm,20902,3,Compilation,cycles,13692121
aarch64,engines/wasmtime/libengine.so,,benchmarks/hashset/benchmark.wasm,20902,3,Instantiation,cycles,5953
aarch64,engines/wasmtime/libengine.so,,benchmarks/hashset/benchmark.wasm,20902,3,Execution,cycles,2097853
aarch64,engines/wasmtime/libengine.so,,benchmarks/hashset/benchmark.wasm,20902,4,Compilation,cycles,13736793
aarch64,engines/wasmtime/libengine.so,,benchmarks/hashset/benchmark.wasm,20902,4,Instantiation,cycles,5386
aarch64,engines/wasmtime/libengine.so,,benchmarks/hashset/benchmark.wasm,20902,4,Execution,cycles,2093720
aarch64,engines/wasmtime/libengine.so,,benchmarks/hashset/benchmark.wasm,20902,5,Compilation,cycles,13767172
aarch64,engines/wasmtime/libengine.so,,benchmarks/hashset/benchmark.wasm,20902,5,Instantiation,cycles,5604
aarch64,engines/wasmtime/libengine.so,,benchmarks/hashset/benchmark.wasm,20902,5,Execution,cycles,2095613
aarch64,engines/wasmtime/libengine.so,,benchmarks/hashset/benchmark.wasm,20902,6,Compilation,cycles,13808419
aarch64,engines/wasmtime/libengine.so,,benchmarks/hashset/benchmark.wasm,20902,6,Instantiation,cycles,5505
aarch64,engines/wasmtime/libengine.so,,benchmarks/hashset/benchmark.wasm,20902,6,Execution,cycles,2095197
aarch64,engines/wasmtime/libengine.so,,benchmarks/hashset/benchmark.wasm,20902,7,Compilation,cycles,13655009
aarch64,engines/wasmtime/libengine.so,,benchmarks/hashset/benchmark.wasm,20902,7,Instantiation,cycles,5599
aarch64,engines/wasmtime/libengine.so,,benchmarks/hashset/benchmark.wasm,20902,7,Execution,cycles,2089963
aarch64,engines/wasmtime/libengine.so,,benchmarks/hashset/benchmark.wasm,20902,8,Compilation,cycles,13812848
aarch64,engines/wasmtime/libengine.so,,benchmarks/hashset/benchmark.wasm,20902,8,Instantiation,cycles,5541
aarch64,engines/wasmtime/libengine.so,,benchmarks/hashset/benchmark.wasm,20902,8,Execution,cycles,2096033
aarch64,engines/wasmtime/libengine.so,,benchmarks/hashset/benchmark.wasm,20902,9,Compilation,cycles,13693853
aarch64,engines/wasmtime/libengine.so,,benchmarks/hashset/benchmark.wasm,20902,9,Instantiation,cycles,5363
aarch64,engines/wasmtime/libengine.so,,benchmarks/hashset/benchmark.wasm,20902,9,Execution,cycles,2097924
aarch64,engines/wasmtime/libengine.so,,benchmarks/blind-sig/benchmark.wasm,20911,0,Compilation,cycles,8562369
aarch64,engines/wasmtime/libengine.so,,benchmarks/blind-sig/benchmark.wasm,20911,0,Instantiation,cycles,5537
aarch64,engines/wasmtime/libengine.so,,benchmarks/blind-sig/benchmark.wasm,20911,0,Execution,cycles,7536348
aarch64,engines/wasmtime/libengine.so,,benchmarks/blind-sig/benchmark.wasm,20911,1,Compilation,cycles,8223253
aarch64,engines/wasmtime/libengine.so,,benchmarks/blind-sig/benchmark.wasm,20911,1,Instantiation,cycles,6729
aarch64,engines/wasmtime/libengine.so,,benchmarks/blind-sig/benchmark.wasm,20911,1,Execution,cycles,7532678
aarch64,engines/wasmtime/libengine.so,,benchmarks/blind-sig/benchmark.wasm,20911,2,Compilation,cycles,7936637
aarch64,engines/wasmtime/libengine.so,,benchmarks/blind-sig/benchmark.wasm,20911,2,Instantiation,cycles,4968
aarch64,engines/wasmtime/libengine.so,,benchmarks/blind-sig/benchmark.wasm,20911,2,Execution,cycles,7547163
aarch64,engines/wasmtime/libengine.so,,benchmarks/blind-sig/benchmark.wasm,20911,3,Compilation,cycles,8337954
aarch64,engines/wasmtime/libengine.so,,benchmarks/blind-sig/benchmark.wasm,20911,3,Instantiation,cycles,5511
aarch64,engines/wasmtime/libengine.so,,benchmarks/blind-sig/benchmark.wasm,20911,3,Execution,cycles,7539610
aarch64,engines/wasmtime/libengine.so,,benchmarks/blind-sig/benchmark.wasm,20911,4,Compilation,cycles,8178105
aarch64,engines/wasmtime/libengine.so,,benchmarks/blind-sig/benchmark.wasm,20911,4,Instantiation,cycles,5520
aarch64,engines/wasmtime/libengine.so,,benchmarks/blind-sig/benchmark.wasm,20911,4,Execution,cycles,7536104
aarch64,engines/wasmtime/libengine.so,,benchmarks/blind-sig/benchmark.wasm,20911,5,Compilation,cycles,8283695
aarch64,engines/wasmtime/libengine.so,,benchmarks/blind-sig/benchmark.wasm,20911,5,Instantiation,cycles,5206
aarch64,engines/wasmtime/libengine.so,,benchmarks/blind-sig/benchmark.wasm,20911,5,Execution,cycles,7533413
aarch64,engines/wasmtime/libengine.so,,benchmarks/blind-sig/benchmark.wasm,20911,6,Compilation,cycles,7932520
aarch64,engines/wasmtime/libengine.so,,benchmarks/blind-sig/benchmark.wasm,20911,6,Instantiation,cycles,5530
aarch64,engines/wasmtime/libengine.so,,benchmarks/blind-sig/benchmark.wasm,20911,6,Execution,cycles,7536965
aarch64,engines/wasmtime/libengine.so,,benchmarks/blind-sig/benchmark.wasm,20911,7,Compilation,cycles,7971857
aarch64,engines/wasmtime/libengine.so,,benchmarks/blind-sig/benchmark.wasm,20911,7,Instantiation,cycles,5487
aarch64,engines/wasmtime/libengine.so,,benchmarks/blind-sig/benchmark.wasm,20911,7,Execution,cycles,7532188
aarch64,engines/wasmtime/libengine.so,,benchmarks/blind-sig/benchmark.wasm,20911,8,Compilation,cycles,8098216
aarch64,engines/wasmtime/libengine.so,,benchmarks/blind-sig/benchmark.wasm,20911,8,Instantiation,cycles,5425
aarch64,engines/wasmtime/libengine.so,,benchmarks/blind-sig/benchmark.wasm,20911,8,Execution,cycles,7534868
aarch64,engines/wasmtime/libengine.so,,benchmarks/blind-sig/benchmark.wasm,20911,9,Compilation,cycles,8164857
aarch64,engines/wasmtime/libengine.so,,benchmarks/blind-sig/benchmark.wasm,20911,9,Instantiation,cycles,5557
aarch64,engines/wasmtime/libengine.so,,benchmarks/blind-sig/benchmark.wasm,20911,9,Execution,cycles,7536425
aarch64,engines/wasmtime/libengine.so,,benchmarks/blind-sig/benchmark.wasm,20921,0,Compilation,cycles,8217355
aarch64,engines/wasmtime/libengine.so,,benchmarks/blind-sig/benchmark.wasm,20921,0,Instantiation,cycles,5250
aarch64,engines/wasmtime/libengine.so,,benchmarks/blind-sig/benchmark.wasm,20921,0,Execution,cycles,7534367
aarch64,engines/wasmtime/libengine.so,,benchmarks/blind-sig/benchmark.wasm,20921,1,Compilation,cycles,8266173
aarch64,engines/wasmtime/libengine.so,,benchmarks/blind-sig/benchmark.wasm,20921,1,Instantiation,cycles,7010
aarch64,engines/wasmtime/libengine.so,,benchmarks/blind-sig/benchmark.wasm,20921,1,Execution,cycles,7534129
aarch64,engines/wasmtime/libengine.so,,benchmarks/blind-sig/benchmark.wasm,20921,2,Compilation,cycles,7995625
aarch64,engines/wasmtime/libengine.so,,benchmarks/blind-sig/benchmark.wasm,20921,2,Instantiation,cycles,5500
aarch64,engines/wasmtime/libengine.so,,benchmarks/blind-sig/benchmark.wasm,20921,2,Execution,cycles,7533628
aarch64,engines/wasmtime/libengine.so,,benchmarks/blind-sig/benchmark.wasm,20921,3,Compilation,cycles,8322063
aarch64,engines/wasmtime/libengine.so,,benchmarks/blind-sig/benchmark.wasm,20921,3,Instantiation,cycles,7045
aarch64,engines/wasmtime/libengine.so,,benchmarks/blind-sig/benchmark.wasm,20921,3,Execution,cycles,7530549
aarch64,engines/wasmtime/libengine.so,,benchmarks/blind-sig/benchmark.wasm,20921,4,Compilation,cycles,7889077
aarch64,engines/wasmtime/libengine.so,,benchmarks/blind-sig/benchmark.wasm,20921,4,Instantiation,cycles,5539
aarch64,engines/wasmtime/libengine.so,,benchmarks/blind-sig/benchmark.wasm,20921,4,Execution,cycles,7538345
aarch64,engines/wasmtime/libengine.so,,benchmarks/blind-sig/benchmark.wasm,20921,5,Compilation,cycles,8143443
aarch64,engines/wasmtime/libengine.so,,benchmarks/blind-sig/benchmark.wasm,20921,5,Instantiation,cycles,5398
aarch64,engines/wasmtime/libengine.so,,benchmarks/blind-sig/benchmark.wasm,20921,5,Execution,cycles,7534555
aarch64,engines/wasmtime/libengine.so,,benchmarks/blind-sig/benchmark.wasm,20921,6,Compilation,cycles,8231395
aarch64,engines/wasmtime/libengine.so,,benchmarks/blind-sig/benchmark.wasm,20921,6,Instantiation,cycles,6923
aarch64,engines/wasmtime/libengine.so,,benchmarks/blind-sig/benchmark.wasm,20921,6,Execution,cycles,7535344
aarch64,engines/wasmtime/libengine.so,,benchmarks/blind-sig/benchmark.wasm,20921,7,Compilation,cycles,8324089
aarch64,engines/wasmtime/libengine.so,,benchmarks/blind-sig/benchmark.wasm,20921,7,Instantiation,cycles,7292
aarch64,engines/wasmtime/libengine.so,,benchmarks/blind-sig/benchmark.wasm,20921,7,Execution,cycles,7532353
aarch64,engines/wasmtime/libengine.so,,benchmarks/blind-sig/benchmark.wasm,20921,8,Compilation,cycles,7802364
aarch64,engines/wasmtime/libengine.so,,benchmarks/blind-sig/benchmark.wasm,20921,8,Instantiation,cycles,6265
aarch64,engines/wasmtime/libengine.so,,benchmarks/blind-sig/benchmark.wasm,20921,8,Execution,cycles,7537771
aarch64,engines/wasmtime/libengine.so,,benchmarks/blind-sig/benchmark.wasm,20921,9,Compilation,cycles,7969248
aarch64,engines/wasmtime/libengine.so,,benchmarks/blind-sig/benchmark.wasm,20921,9,Instantiation,cycles,5426
aarch64,engines/wasmtime/libengine.so,,benchmarks/blind-sig/benchmark.wasm,20921,9,Execution,cycles,7534751
aarch64,engines/wasmtime/libengine.so,,benchmarks/hashset/benchmark.wasm,20931,0,Compilation,cycles,14002604
aarch64,engines/wasmtime/libengine.so,,benchmarks/hashset/benchmark.wasm,20931,0,Instantiation,cycles,5300
aarch64,engines/wasmtime/libengine.so,,benchmarks/hashset/benchmark.wasm,20931,0,Execution,cycles,2109851
aarch64,engines/wasmtime/libengine.so,,benchmarks/hashset/benchmark.wasm,20931,1,Compilation,cycles,13946471
aarch64,engines/wasmtime/libengine.so,,benchmarks/hashset/benchmark.wasm,20931,1,Instantiation,cycles,4966
aarch64,engines/wasmtime/libengine.so,,benchmarks/hashset/benchmark.wasm,20931,1,Execution,cycles,2115739
aarch64,engines/wasmtime/libengine.so,,benchmarks/hashset/benchmark.wasm,20931,2,Compilation,cycles,13704720
aarch64,engines/wasmtime/libengine.so,,benchmarks/hashset/benchmark.wasm,20931,2,Instantiation,cycles,5303
aarch64,engines/wasmtime/libengine.so,,benchmarks/hashset/benchmark.wasm,20931,2,Execution,cycles,2113658
aarch64,engines/wasmtime/libengine.so,,benchmarks/hashset/benchmark.wasm,20931,3,Compilation,cycles,13764351
aarch64,engines/wasmtime/libengine.so,,benchmarks/hashset/benchmark.wasm,20931,3,Instantiation,cycles,5223
aarch64,engines/wasmtime/libengine.so,,benchmarks/hashset/benchmark.wasm,20931,3,Execution,cycles,2114358
aarch64,engines/wasmtime/libengine.so,,benchmarks/hashset/benchmark.wasm,20931,4,Compilation,cycles,13755374
aarch64,engines/wasmtime/libengine.so,,benchmarks/hashset/benchmark.wasm,20931,4,Instantiation,cycles,5197
aarch64,engines/wasmtime/libengine.so,,benchmarks/hashset/benchmark.wasm,20931,4,Execution,cycles,2110692
aarch64,engines/wasmtime/libengine.so,,benchmarks/hashset/benchmark.wasm,20931,5,Compilation,cycles,13822330
aarch64,engines/wasmtime/libengine.so,,benchmarks/hashset/benchmark.wasm,20931,5,Instantiation,cycles,5247
aarch64,engines/wasmtime/libengine.so,,benchmarks/hashset/benchmark.wasm,20931,5,Execution,cycles,2114586
aarch64,engines/wasmtime/libengine.so,,benchmarks/hashset/benchmark.wasm,20931,6,Compilation,cycles,13722795
aarch64,engines/wasmtime/libengine.so,,benchmarks/hashset/benchmark.wasm,20931,6,Instantiation,cycles,5287
aarch64,engines/wasmtime/libengine.so,,benchmarks/hashset/benchmark.wasm,20931,6,Execution,cycles,2112170
aarch64,engines/wasmtime/libengine.so,,benchmarks/hashset/benchmark.wasm,20931,7,Compilation,cycles,13812296
aarch64,engines/wasmtime/libengine.so,,benchmarks/hashset/benchmark.wasm,20931,7,Instantiation,cycles,5182
aarch64,engines/wasmtime/libengine.so,,benchmarks/hashset/benchmark.wasm,20931,7,Execution,cycles,2111871
aarch64,engines/wasmtime/libengine.so,,benchmarks/hashset/benchmark.wasm,20931,8,Compilation,cycles,13759375
aarch64,engines/wasmtime/libengine.so,,benchmarks/hashset/benchmark.wasm,20931,8,Instantiation,cycles,5312
aarch64,engines/wasmtime/libengine.so,,benchmarks/hashset/benchmark.wasm,20931,8,Execution,cycles,2113000
aarch64,engines/wasmtime/libengine.so,,benchmarks/hashset/benchmark.wasm,20931,9,Compilation,cycles,13830813
aarch64,engines/wasmtime/libengine.so,,benchmarks/hashset/benchmark.wasm,20931,9,Instantiation,cycles,5139
aarch64,engines/wasmtime/libengine.so,,benchmarks/hashset/benchmark.wasm,20931,9,Execution,cycles,2117247
aarch64,engines/wasmtime/libengine.so,,benchmarks/hashset/benchmark.wasm,20940,0,Compilation,cycles,14274293
aarch64,engines/wasmtime/libengine.so,,benchmarks/hashset/benchmark.wasm,20940,0,Instantiation,cycles,5716
aarch64,engines/wasmtime/libengine.so,,benchmarks/hashset/benchmark.wasm,20940,0,Execution,cycles,2100272
aarch64,engines/wasmtime/libengine.so,,benchmarks/hashset/benchmark.wasm,20940,1,Compilation,cycles,13805257
aarch64,engines/wasmtime/libengine.so,,benchmarks/hashset/benchmark.wasm,20940,1,Instantiation,cycles,5757
aarch64,engines/wasmtime/libengine.so,,benchmarks/hashset/benchmark.wasm,20940,1,Execution,cycles,2094869
aarch64,engines/wasmtime/libengine.so,,benchmarks/hashset/benchmark.wasm,20940,2,Compilation,cycles,13866164
aarch64,engines/wasmtime/libengine.so,,benchmarks/hashset/benchmark.wasm,20940,2,Instantiation,cycles,5427
aarch64,engines/wasmtime/libengine.so,,benchmarks/hashset/benchmark.wasm,20940,2,Execution,cycles,2094593
aarch64,engines/wasmtime/libengine.so,,benchmarks/hashset/benchmark.wasm,20940,3,Compilation,cycles,13938790
aarch64,engines/wasmtime/libengine.so,,benchmarks/hashset/benchmark.wasm,20940,3,Instantiation,cycles,5140
aarch64,engines/wasmtime/libengine.so,,benchmarks/hashset/benchmark.wasm,20940,3,Execution,cycles,2095758
aarch64,engines/wasmtime/libengine.so,,benchmarks/hashset/benchmark.wasm,20940,4,Compilation,cycles,13856762
aarch64,engines/wasmtime/libengine.so,,benchmarks/hashset/benchmark.wasm,20940,4,Instantiation,cycles,5155
aarch64,engines/wasmtime/libengine.so,,benchmarks/hashset/benchmark.wasm,20940,4,Execution,cycles,2096289
aarch64,engines/wasmtime/libengine.so,,benchmarks/hashset/benchmark.wasm,20940,5,Compilation,cycles,13969555
aarch64,engines/wasmtime/libengine.so,,benchmarks/hashset/benchmark.wasm,20940,5,Instantiation,cycles,5225
aarch64,engines/wasmtime/libengine.so,,benchmarks/hashset/benchmark.wasm,20940,5,Execution,cycles,2107359
aarch64,engines/wasmtime/libengine.so,,benchmarks/hashset/benchmark.wasm,20940,6,Compilation,cycles,13843729
aarch64,engines/wasmtime/libengine.so,,benchmarks/hashset/benchmark.wasm,20940,6,Instantiation,cycles,5203
aarch64,engines/wasmtime/libengine.so,,benchmarks/hashset/benchmark.wasm,20940,6,Execution,cycles,2098274
aarch64,engines/wasmtime/libengine.so,,benchmarks/hashset/benchmark.wasm,20940,7,Compilation,cycles,13982596
aarch64,engines/wasmtime/libengine.so,,benchmarks/hashset/benchmark.wasm,20940,7,Instantiation,cycles,5155
aarch64,engines/wasmtime/libengine.so,,benchmarks/hashset/benchmark.wasm,20940,7,Execution,cycles,2093057
aarch64,engines/wasmtime/libengine.so,,benchmarks/hashset/benchmark.wasm,20940,8,Compilation,cycles,13975175
aarch64,engines/wasmtime/libengine.so,,benchmarks/hashset/benchmark.wasm,20940,8,Instantiation,cycles,5148
aarch64,engines/wasmtime/libengine.so,,benchmarks/hashset/benchmark.wasm,20940,8,Execution,cycles,2098789
aarch64,engines/wasmtime/libengine.so,,benchmarks/hashset/benchmark.wasm,20940,9,Compilation,cycles,13907766
aarch64,engines/wasmtime/libengine.so,,benchmarks/hashset/benchmark.wasm,20940,9,Instantiation,cycles,5212
aarch64,engines/wasmtime/libengine.so,,benchmarks/hashset/benchmark.wasm,20940,9,Execution,cycles,2099508
